-- phpMyAdmin SQL Dump
-- version 5.2.1
-- https://www.phpmyadmin.net/
--
-- Host: 127.0.0.1
-- Generation Time: Jun 16, 2025 at 07:46 AM
-- Server version: 10.4.32-MariaDB
-- PHP Version: 8.0.30

SET SQL_MODE = "NO_AUTO_VALUE_ON_ZERO";
START TRANSACTION;
SET time_zone = "+00:00";

SET FOREIGN_KEY_CHECKS=0;
/*!40101 SET @OLD_CHARACTER_SET_CLIENT=@@CHARACTER_SET_CLIENT */;
/*!40101 SET @OLD_CHARACTER_SET_RESULTS=@@CHARACTER_SET_RESULTS */;
/*!40101 SET @OLD_COLLATION_CONNECTION=@@COLLATION_CONNECTION */;
/*!40101 SET NAMES utf8mb4 */;

--
-- Database: `ihij`
--

-- --------------------------------------------------------

--
-- Table structure for table `ampu_mapel`
--

--
-- Dumping data for table `ampu_mapel`
--

INSERT INTO `ampu_mapel` (`id_ampu`, `tanggal`, `id_semester`, `id_mapel`, `nip`, `id_tahun_akademik`, `id_pembagian`) VALUES
(1, '2022-07-01', '2', 'IPS', '197901172020041006', '1', 143),
(2, '2023-07-01', '2', 'MTK', '198005122020041001', '6', 65),
(3, '2021-07-01', '1', 'IPA', '198411102020041004', '5', 36),
(4, '2022-07-01', '2', 'MTK', '198606052020041007', '2', 39),
(5, '2023-07-01', '2', 'ENG', '198208202020042002', '3', 110),
(6, '2021-07-01', '1', 'MTK', '198304072020042005', '3', 54),
(7, '2022-07-01', '1', 'ENG', '198502152020042003', '5', 2),
(8, '2023-07-01', '1', 'IPS', '199012302020042008', '1', 118),
(9, '2021-07-01', '1', 'IPS', '197901172020041006', '5', 60),
(10, '2022-07-01', '1', 'IPA', '198005122020041001', '2', 119),
(11, '2023-07-01', '2', 'IPS', '198411102020041004', '5', 46),
(12, '2021-07-01', '1', 'IPS', '198606052020041007', '1', 114),
(13, '2022-07-01', '1', 'IPA', '198208202020042002', '4', 3),
(14, '2023-07-01', '1', 'IPS', '198304072020042005', '1', 32),
(15, '2021-07-01', '2', 'IPS', '198502152020042003', '3', 58),
(16, '2022-07-01', '1', 'IPS', '199012302020042008', '6', 115),
(17, '2023-07-01', '1', 'MTK', '197901172020041006', '1', 75),
(18, '2021-07-01', '2', 'IPS', '198005122020041001', '3', 129),
(19, '2022-07-01', '1', 'IPA', '198411102020041004', '2', 22),
(20, '2023-07-01', '1', 'IPA', '198606052020041007', '2', 94),
(21, '2021-07-01', '1', 'BI', '198208202020042002', '1', 136),
(22, '2022-07-01', '1', 'ENG', '198304072020042005', '6', 19),
(23, '2023-07-01', '2', 'IPS', '198502152020042003', '4', 121),
(24, '2021-07-01', '2', 'ENG', '199012302020042008', '1', 99),
(25, '2022-07-01', '1', 'ENG', '197901172020041006', '4', 66),
(26, '2023-07-01', '1', 'IPA', '198005122020041001', '3', 21),
(27, '2021-07-01', '2', 'BI', '198411102020041004', '5', 95),
(28, '2022-07-01', '1', 'ENG', '198606052020041007', '4', 81),
(29, '2023-07-01', '1', 'IPS', '198208202020042002', '3', 101),
(30, '2021-07-01', '1', 'ENG', '198304072020042005', '1', 137),
(31, '2022-07-01', '1', 'IPS', '198502152020042003', '2', 45),
(32, '2023-07-01', '2', 'IPA', '199012302020042008', '1', 90),
(33, '2021-07-01', '1', 'MTK', '197901172020041006', '2', 53),
(34, '2022-07-01', '2', 'ENG', '198005122020041001', '3', 141),
(35, '2023-07-01', '1', 'BI', '198411102020041004', '6', 112),
(36, '2021-07-01', '2', 'MTK', '198606052020041007', '2', 16),
(37, '2022-07-01', '1', 'BI', '198208202020042002', '6', 9),
(38, '2023-07-01', '1', 'MTK', '198304072020042005', '2', 130),
(39, '2021-07-01', '2', 'IPA', '198502152020042003', '4', 82),
(40, '2022-07-01', '1', 'IPA', '199012302020042008', '6', 13),
(41, '2023-07-01', '2', 'BI', '197901172020041006', '4', 123),
(42, '2021-07-01', '1', 'IPA', '198005122020041001', '5', 132),
(43, '2022-07-01', '2', 'ENG', '198411102020041004', '5', 134),
(44, '2023-07-01', '1', 'IPA', '198606052020041007', '3', 97),
(45, '2021-07-01', '2', 'MTK', '198208202020042002', '1', 116),
(46, '2022-07-01', '1', 'IPA', '198304072020042005', '1', 145),
(47, '2023-07-01', '1', 'ENG', '198502152020042003', '3', 147),
(48, '2021-07-01', '2', 'IPS', '199012302020042008', '1', 149),
(49, '2022-07-01', '2', 'MTK', '197901172020041006', '3', 125),
(50, '2023-07-01', '1', 'BI', '198005122020041001', '3', 72),
(51, '2021-07-01', '1', 'IPS', '198411102020041004', '1', 85),
(52, '2022-07-01', '1', 'IPA', '198606052020041007', '6', 43),
(53, '2023-07-01', '1', 'MTK', '198208202020042002', '4', 111),
(54, '2021-07-01', '1', 'MTK', '198304072020042005', '6', 133),
(55, '2022-07-01', '1', 'MTK', '198502152020042003', '3', 17),
(56, '2023-07-01', '2', 'IPA', '199012302020042008', '1', 6),
(57, '2021-07-01', '2', 'IPA', '197901172020041006', '6', 87),
(58, '2022-07-01', '2', 'ENG', '198005122020041001', '4', 104),
(59, '2023-07-01', '1', 'BI', '198411102020041004', '3', 78),
(60, '2021-07-01', '2', 'BI', '198606052020041007', '1', 144),
(61, '2022-07-01', '1', 'ENG', '198208202020042002', '4', 74),
(62, '2023-07-01', '2', 'BI', '198304072020042005', '5', 40),
(63, '2021-07-01', '1', 'IPA', '198502152020042003', '4', 57),
(64, '2022-07-01', '2', 'IPA', '199012302020042008', '3', 5),
(65, '2023-07-01', '1', 'IPA', '197901172020041006', '3', 73),
(66, '2021-07-01', '1', 'ENG', '198005122020041001', '3', 25),
(67, '2022-07-01', '2', 'ENG', '198411102020041004', '1', 91),
(68, '2023-07-01', '1', 'BI', '198606052020041007', '3', 138),
(69, '2021-07-01', '1', 'IPA', '198208202020042002', '3', 18),
(70, '2022-07-01', '2', 'BI', '198304072020042005', '5', 88),
(71, '2023-07-01', '2', 'MTK', '198502152020042003', '2', 20),
(72, '2021-07-01', '1', 'IPS', '199012302020042008', '4', 24),
(73, '2022-07-01', '2', 'MTK', '197901172020041006', '4', 140),
(74, '2023-07-01', '1', 'IPA', '198005122020041001', '4', 113),
(75, '2021-07-01', '1', 'BI', '198411102020041004', '5', 117),
(76, '2022-07-01', '2', 'IPS', '198606052020041007', '4', 150),
(77, '2023-07-01', '1', 'MTK', '198208202020042002', '2', 31),
(78, '2021-07-01', '1', 'ENG', '198304072020042005', '5', 68),
(79, '2022-07-01', '2', 'BI', '198502152020042003', '2', 86),
(80, '2023-07-01', '1', 'IPA', '199012302020042008', '5', 41),
(81, '2021-07-01', '1', 'ENG', '197901172020041006', '1', 61),
(82, '2022-07-01', '1', 'ENG', '198005122020041001', '4', 96),
(83, '2023-07-01', '1', 'IPS', '198411102020041004', '5', 93),
(84, '2021-07-01', '2', 'ENG', '198606052020041007', '1', 28),
(85, '2022-07-01', '1', 'IPS', '198208202020042002', '3', 34),
(86, '2023-07-01', '1', 'MTK', '198304072020042005', '2', 131),
(87, '2021-07-01', '1', 'MTK', '198502152020042003', '2', 98),
(88, '2022-07-01', '1', 'IPA', '199012302020042008', '5', 135),
(89, '2023-07-01', '2', 'IPS', '197901172020041006', '2', 80),
(90, '2021-07-01', '1', 'MTK', '198005122020041001', '2', 76),
(91, '2022-07-01', '2', 'IPS', '198411102020041004', '6', 84),
(92, '2023-07-01', '1', 'ENG', '198606052020041007', '1', 69),
(93, '2021-07-01', '2', 'MTK', '198208202020042002', '6', 44),
(94, '2022-07-01', '1', 'IPA', '198304072020042005', '2', 128),
(95, '2023-07-01', '1', 'MTK', '198502152020042003', '6', 52),
(96, '2021-07-01', '2', 'MTK', '199012302020042008', '6', 83),
(97, '2022-07-01', '2', 'ENG', '197901172020041006', '3', 37),
(98, '2023-07-01', '1', 'BI', '198005122020041001', '3', 14),
(99, '2021-07-01', '2', 'BI', '198411102020041004', '1', 50),
(100, '2022-07-01', '2', 'IPS', '198606052020041007', '4', 11),
(101, '2023-07-01', '2', 'IPS', '198208202020042002', '5', 100),
(102, '2021-07-01', '1', 'ENG', '198304072020042005', '1', 103),
(103, '2022-07-01', '2', 'BI', '198502152020042003', '5', 10),
(104, '2023-07-01', '2', 'IPA', '199012302020042008', '2', 8),
(105, '2021-07-01', '2', 'MTK', '197901172020041006', '1', 71),
(106, '2022-07-01', '2', 'BI', '198005122020041001', '5', 79),
(107, '2023-07-01', '2', 'BI', '198411102020041004', '6', 64),
(108, '2021-07-01', '1', 'MTK', '198606052020041007', '5', 77),
(109, '2022-07-01', '1', 'IPS', '198208202020042002', '6', 23),
(110, '2023-07-01', '1', 'IPA', '198304072020042005', '1', 139),
(111, '2021-07-01', '1', 'MTK', '198502152020042003', '3', 70),
(112, '2022-07-01', '1', 'BI', '199012302020042008', '5', 102),
(113, '2023-07-01', '1', 'MTK', '197901172020041006', '2', 92),
(114, '2021-07-01', '2', 'ENG', '198005122020041001', '1', 27),
(115, '2022-07-01', '2', 'MTK', '198411102020041004', '3', 122),
(116, '2023-07-01', '1', 'BI', '198606052020041007', '2', 47),
(117, '2021-07-01', '2', 'IPS', '198208202020042002', '3', 51),
(118, '2022-07-01', '2', 'IPA', '198304072020042005', '1', 12),
(119, '2023-07-01', '2', 'ENG', '198502152020042003', '5', 33),
(120, '2021-07-01', '1', 'MTK', '199012302020042008', '2', 49),
(121, '2022-07-01', '2', 'ENG', '197901172020041006', '6', 35),
(122, '2023-07-01', '1', 'IPA', '198005122020041001', '3', 109),
(123, '2021-07-01', '2', 'IPS', '198411102020041004', '2', 106),
(124, '2022-07-01', '1', 'MTK', '198606052020041007', '1', 142),
(125, '2023-07-01', '2', 'MTK', '198208202020042002', '2', 62),
(126, '2021-07-01', '2', 'ENG', '198304072020042005', '6', 4),
(127, '2022-07-01', '2', 'MTK', '198502152020042003', '5', 55),
(128, '2023-07-01', '1', 'MTK', '199012302020042008', '4', 7),
(129, '2021-07-01', '1', 'ENG', '197901172020041006', '4', 151),
(130, '2022-07-01', '1', 'IPA', '198005122020041001', '4', 89),
(131, '2023-07-01', '2', 'IPS', '198411102020041004', '1', 146),
(132, '2021-07-01', '2', 'MTK', '198606052020041007', '2', 148),
(133, '2022-07-01', '1', 'ENG', '198208202020042002', '1', 63),
(134, '2023-07-01', '1', 'ENG', '198304072020042005', '3', 105),
(135, '2021-07-01', '1', 'ENG', '198502152020042003', '4', 59),
(136, '2022-07-01', '1', 'BI', '199012302020042008', '6', 67),
(137, '2023-07-01', '1', 'MTK', '197901172020041006', '5', 26),
(138, '2021-07-01', '1', 'MTK', '198005122020041001', '3', 127),
(139, '2022-07-01', '2', 'IPS', '198411102020041004', '6', 29),
(140, '2023-07-01', '1', 'IPS', '198606052020041007', '3', 15),
(141, '2021-07-01', '1', 'IPA', '198208202020042002', '5', 126),
(142, '2022-07-01', '1', 'ENG', '198304072020042005', '3', 30),
(143, '2023-07-01', '1', 'MTK', '198502152020042003', '1', 56),
(144, '2021-07-01', '1', 'BI', '199012302020042008', '1', 120),
(145, '2022-07-01', '1', 'BI', '197901172020041006', '1', 107),
(146, '2023-07-01', '2', 'BI', '198005122020041001', '5', 42),
(147, '2021-07-01', '2', 'BI', '198411102020041004', '5', 38),
(148, '2022-07-01', '1', 'MTK', '198606052020041007', '6', 108),
(149, '2023-07-01', '2', 'IPA', '198208202020042002', '4', 124),
(150, '2021-07-01', '2', 'ENG', '198304072020042005', '3', 48);

-- --------------------------------------------------------

--
-- Table structure for table `berita`
--

--
-- Dumping data for table `berita`
--

INSERT INTO `berita` (`id_berita`, `judul`, `isi`, `nip`) VALUES
(1, 'pengumuan pembagian kelas', 'seluruh orang tua diharapkan mengantar anaknya sampe kedepan sekolah jangan telat ada apeldsgre', '198005122020041001');

-- --------------------------------------------------------

--
-- Table structure for table `gender`
--

--
-- Dumping data for table `gender`
--

INSERT INTO `gender` (`id_gender`, `gender`) VALUES
('L', 'laki-laki'),
('P', 'perempuan');

-- --------------------------------------------------------

--
-- Table structure for table `guru`
--

--
-- Dumping data for table `guru`
--

INSERT INTO `guru` (`nip`, `inisial`, `nama`, `tempat_lahir`, `tanggal_lahir`, `alamat`, `no_hp`, `email`, `spesialisasi`, `id_gender`, `id_status`) VALUES
('197901172020041006', 'PRN', 'Purnadi, S.Pd.S', 'Slawi', '1979-01-27', 'Jl. Flamboyan No. 10, Slawi', '081234567806', 'purnadi@example.com', 'Penjas', 'L', '1'),
('198005122020041001', 'JMR', 'H. Jamar, S.Pd.I', 'Tegal', '1980-05-12', 'Jl. Merdeka No. 1, Tegal', '081234567801', 'jamar@example.com', 'PAI', 'L', '1'),
('198208202020042002', 'HRW', 'H. Hurwiyati, S.Pd', 'Brebes', '1982-08-20', 'Jl. Mawar No. 3, Brebes', '081234567802', 'hurwiyati@example.com', 'PKn', 'P', '1'),
('198304072020042005', 'ULN', 'Ulinnuha S.Pd.I', 'Brebes', '1983-04-07', 'Jl. Anggrek No. 9, Brebes', '081234567805', 'ulinnuha@example.com', 'PAI', 'P', '1'),
('198411102020041004', 'BYT', 'Biyanto, S.Pd', 'Tegal', '1984-11-10', 'Jl. Kenanga No. 7, Tegal', '081234567804', 'biyanto@example.com', 'Matematika', 'L', '1'),
('198502152020042003', 'TEP', 'Titik Eko Purwati, S.Pd', 'Slawi', '1985-02-15', 'Jl. Melati No. 5, Slawi', '081234567803', 'titikeko@example.com', 'B. Indonesia', 'P', '1'),
('198606052020041007', 'NAR', 'Nur Arifin, S.Pd.I', 'Tegal', '1986-06-05', 'Jl. Sawo No. 11, Tegal', '081234567807', 'nurarifin@example.com', 'PAI', 'L', '1'),
('199012302020042008', 'RA', 'Riski Arofiyah, S.Pd', 'Brebes', '1990-12-30', 'Jl. Semangka No. 12, Brebes', '081234567808', 'riskiarofiyah@example.com', 'IPA', 'P', '1');

-- --------------------------------------------------------

--
-- Table structure for table `jadwal_pelajaran`
--

--
-- Dumping data for table `jadwal_pelajaran`
--

INSERT INTO `jadwal_pelajaran` (`id_jadwal`, `day`, `time`, `period`, `subject`) VALUES
(1, 'Senin', '07.00 - 07.40', 1, '[\'Upacara\', \'\', \'\', \'\', \'\', \'\', \'\', \'\', \'\']'),
(2, 'Senin', '07.40 - 08.20', 2, '[\'MTK-HRW\', \'IPA-BYT\', \'ENG-HRW\', \'MTK-JMR\', \'IPS-TEP\', \'IPA-HRW\', \'ENG-JMR\', \'IPS-NAR\']'),
(3, 'Senin', '08.20 - 09.00', 3, '[\'IPS-ULN\', \'BI-ULN\', \'BI-TEP\', \'MTK-BYT\', \'IPS-JMR\', \'ENG-BYT\', \'BI-BYT\', \'MTK-JMR\']'),
(4, 'Senin', '09.00 - 09.40', 4, '[\'IPS-JMR\', \'MTK-RA\', \'BI-RA\', \'BI-ULN\', \'MTK-HRW\', \'IPA-NAR\', \'IPS-RA\', \'MTK-BYT\']'),
(5, 'Senin', '09.40 - 10.20', 5, '[\'BI-TEP\', \'BI-ULN\', \'IPA-JMR\', \'MTK-JMR\', \'BI-ULN\', \'ENG-JMR\', \'IPA-HRW\', \'BI-HRW\']'),
(6, 'Senin', '10.20 - 11.00', 6, '[\'MTK-ULN\', \'MTK-BYT\', \'MTK-TEP\', \'IPS-BYT\', \'ENG-HRW\', \'IPS-HRW\', \'MTK-JMR\', \'BI-RA\']'),
(7, 'Senin', '11.00 - 11.15', 7, '[\'\', \'\', \'\', \'\', \'\', \'\', \'\', \'\']'),
(8, 'Selasa', '07.00 - 07.40', 1, '[\'BI-JMR\', \'BI-HRW\', \'BI-BYT\', \'MTK-NAR\', \'ENG-HRW\', \'IPA-ULN\', \'IPS-NAR\', \'MTK-HRW\']'),
(9, 'Selasa', '07.40 - 08.20', 2, '[\'IPS-PRN\', \'IPS-TEP\', \'BI-NAR\', \'MTK-RA\', \'IPS-BYT\', \'MTK-PRN\', \'IPS-ULN\', \'IPA-ULN\']'),
(10, 'Selasa', '08.20 - 09.00', 3, '[\'IPA-HRW\', \'IPS-BYT\', \'ENG-RA\', \'ENG-TEP\', \'IPS-JMR\', \'BI-PRN\', \'IPA-HRW\', \'IPS-ULN\']'),
(11, 'Selasa', '09.00 - 09.40', 4, '[\'IPA-TEP\', \'BI-HRW\', \'IPS-RA\', \'ENG-JMR\', \'MTK-TEP\', \'IPS-ULN\', \'IPS-JMR\', \'IPA-BYT\']'),
(12, 'Selasa', '09.40 - 10.20', 5, '[\'MTK-TEP\', \'IPS-PRN\', \'IPS-BYT\', \'ENG-HRW\', \'MTK-JMR\', \'ENG-ULN\', \'BI-BYT\', \'MTK-HRW\']'),
(13, 'Selasa', '10.20 - 11.00', 6, '[\'IPA-HRW\', \'MTK-JMR\', \'MTK-RA\', \'IPA-JMR\', \'IPA-RA\', \'IPS-RA\', \'ENG-BYT\', \'IPA-NAR\']'),
(14, 'Rabu', '07.00 - 07.40', 1, '[\'ENG-PRN\', \'IPS-HRW\', \'IPA-BYT\', \'ENG-PRN\', \'MTK-PRN\', \'IPA-PRN\', \'BI-ULN\', \'IPS-HRW\']'),
(15, 'Rabu', '07.40 - 08.20', 2, '[\'IPS-NAR\', \'BI-RA\', \'IPA-RA\', \'ENG-ULN\', \'MTK-TEP\', \'MTK-HRW\', \'IPA-ULN\', \'ENG-RA\']'),
(16, 'Rabu', '08.20 - 09.00', 3, '[\'MTK-TEP\', \'IPA-TEP\', \'IPS-TEP\', \'IPS-RA\', \'BI-RA\', \'IPA-ULN\', \'IPS-TEP\', \'MTK-JMR\']'),
(17, 'Rabu', '09.00 - 09.40', 4, '[\'ENG-TEP\', \'BI-RA\', \'IPS-HRW\', \'IPA-RA\', \'MTK-JMR\', \'MTK-PRN\', \'ENG-HRW\', \'ENG-NAR\']'),
(18, 'Rabu', '09.40 - 10.20', 5, '[\'BI-JMR\', \'IPS-TEP\', \'IPS-TEP\', \'ENG-RA\', \'MTK-ULN\', \'BI-PRN\', \'MTK-PRN\', \'MTK-PRN\']'),
(19, 'Rabu', '10.20 - 11.00', 6, '[\'IPS-HRW\', \'BI-BYT\', \'IPS-ULN\', \'IPS-PRN\', \'IPA-JMR\', \'ENG-PRN\', \'BI-BYT\', \'BI-NAR\']'),
(20, 'Kamis', '07.00 - 07.40', 1, '[\'BI-TEP\', \'BI-ULN\', \'BI-BYT\', \'IPA-JMR\', \'MTK-ULN\', \'IPS-RA\', \'IPS-RA\', \'IPA-RA\']'),
(21, 'Kamis', '07.40 - 08.20', 2, '[\'BI-HRW\', \'ENG-TEP\', \'ENG-NAR\', \'BI-PRN\', \'IPS-TEP\', \'IPS-NAR\', \'IPS-TEP\', \'ENG-RA\']'),
(22, 'Kamis', '08.20 - 09.00', 3, '[\'IPA-RA\', \'MTK-TEP\', \'BI-BYT\', \'IPA-JMR\', \'ENG-RA\', \'ENG-ULN\', \'MTK-HRW\', \'ENG-RA\']'),
(23, 'Kamis', '09.00 - 09.40', 4, '[\'IPS-HRW\', \'BI-TEP\', \'ENG-HRW\', \'ENG-PRN\', \'ENG-JMR\', \'IPA-NAR\', \'IPA-RA\', \'ENG-RA\']'),
(24, 'Kamis', '09.40 - 10.20', 5, '[\'ENG-PRN\', \'ENG-PRN\', \'IPA-PRN\', \'BI-RA\', \'IPA-RA\', \'BI-JMR\', \'IPA-HRW\', \'IPA-BYT\']'),
(25, 'Kamis', '10.20 - 11.00', 6, '[\'IPA-RA\', \'IPA-PRN\', \'BI-HRW\', \'MTK-RA\', \'IPS-JMR\', \'ENG-HRW\', \'BI-RA\', \'BI-ULN\']'),
(26, 'Jumat', '07.00 - 07.40', 1, '[\'BI-JMR\', \'ENG-JMR\', \'IPS-JMR\', \'IPS-TEP\', \'MTK-NAR\', \'IPA-TEP\', \'IPS-ULN\', \'BI-BYT\']'),
(27, 'Jumat', '07.40 - 08.20', 2, '[\'IPA-ULN\', \'IPA-ULN\', \'BI-PRN\', \'MTK-NAR\', \'BI-TEP\', \'IPA-BYT\', \'ENG-JMR\', \'BI-PRN\']'),
(28, 'Jumat', '08.20 - 09.00', 3, '[\'MTK-NAR\', \'BI-PRN\', \'ENG-JMR\', \'MTK-NAR\', \'ENG-TEP\', \'ENG-TEP\', \'IPS-JMR\', \'IPS-BYT\']'),
(29, 'Jumat', '09.00 - 09.40', 4, '[\'MTK-BYT\', \'BI-TEP\', \'IPA-HRW\', \'IPA-JMR\', \'IPS-ULN\', \'IPS-JMR\', \'IPA-HRW\', \'BI-ULN\']'),
(30, 'Jumat', '09.40 - 10.20', 5, '[\'IPS-JMR\', \'MTK-TEP\', \'IPS-HRW\', \'ENG-TEP\', \'MTK-RA\', \'IPA-PRN\', \'ENG-NAR\', \'IPS-BYT\']'),
(31, 'Jumat', '10.20 - 11.00', 6, '[\'ENG-NAR\', \'MTK-ULN\', \'IPS-TEP\', \'BI-HRW\', \'IPA-NAR\', \'IPS-JMR\', \'MTK-PRN\', \'IPS-NAR\']'),
(32, 'Sabtu', '07.00 - 07.40', 1, '[\'MTK-RA\', \'IPS-HRW\', \'ENG-TEP\', \'ENG-JMR\', \'ENG-JMR\', \'IPS-BYT\', \'IPS-TEP\', \'MTK-NAR\']'),
(33, 'Sabtu', '07.40 - 08.20', 2, '[\'BI-TEP\', \'MTK-ULN\', \'IPS-RA\', \'IPA-HRW\', \'IPA-BYT\', \'BI-TEP\', \'ENG-PRN\', \'IPA-BYT\']'),
(34, 'Sabtu', '08.20 - 09.00', 3, '[\'IPA-TEP\', \'IPS-PRN\', \'MTK-HRW\', \'IPA-ULN\', \'BI-JMR\', \'IPS-BYT\', \'IPS-RA\', \'IPA-BYT\']'),
(35, 'Sabtu', '09.00 - 09.40', 4, '[\'IPS-JMR\', \'ENG-TEP\', \'IPS-NAR\', \'BI-HRW\', \'IPA-TEP\', \'IPS-JMR\', \'MTK-JMR\', \'IPA-JMR\']');

-- --------------------------------------------------------

--
-- Table structure for table `kbm`
--

--
-- Dumping data for table `kbm`
--

INSERT INTO `kbm` (`id_kbm`, `tanggal`, `materi`, `sub_materi`, `id_ampu`) VALUES
(1, '2021-07-01', 'Materi IPS 1', 'Sub Materi IPS 1', 1),
(2, '2021-07-08', 'Materi IPS 2', 'Sub Materi IPS 2', 1),
(3, '2021-07-15', 'Materi IPS 3', 'Sub Materi IPS 3', 1),
(4, '2021-07-01', 'Materi MTK 1', 'Sub Materi MTK 1', 2),
(5, '2021-07-08', 'Materi MTK 2', 'Sub Materi MTK 2', 2),
(6, '2021-07-15', 'Materi MTK 3', 'Sub Materi MTK 3', 2),
(7, '2021-07-01', 'Materi IPA 1', 'Sub Materi IPA 1', 3),
(8, '2021-07-08', 'Materi IPA 2', 'Sub Materi IPA 2', 3),
(9, '2021-07-15', 'Materi IPA 3', 'Sub Materi IPA 3', 3),
(10, '2021-07-01', 'Materi MTK 1', 'Sub Materi MTK 1', 4),
(11, '2021-07-08', 'Materi MTK 2', 'Sub Materi MTK 2', 4),
(12, '2021-07-15', 'Materi MTK 3', 'Sub Materi MTK 3', 4),
(13, '2021-07-01', 'Materi ENG 1', 'Sub Materi ENG 1', 5),
(14, '2021-07-08', 'Materi ENG 2', 'Sub Materi ENG 2', 5),
(15, '2021-07-15', 'Materi ENG 3', 'Sub Materi ENG 3', 5),
(16, '2021-07-01', 'Materi MTK 1', 'Sub Materi MTK 1', 6),
(17, '2021-07-08', 'Materi MTK 2', 'Sub Materi MTK 2', 6),
(18, '2021-07-15', 'Materi MTK 3', 'Sub Materi MTK 3', 6),
(19, '2021-07-01', 'Materi ENG 1', 'Sub Materi ENG 1', 7),
(20, '2021-07-08', 'Materi ENG 2', 'Sub Materi ENG 2', 7),
(21, '2021-07-15', 'Materi ENG 3', 'Sub Materi ENG 3', 7),
(22, '2021-07-01', 'Materi IPS 1', 'Sub Materi IPS 1', 8),
(23, '2021-07-08', 'Materi IPS 2', 'Sub Materi IPS 2', 8),
(24, '2021-07-15', 'Materi IPS 3', 'Sub Materi IPS 3', 8),
(25, '2021-07-01', 'Materi IPS 1', 'Sub Materi IPS 1', 9),
(26, '2021-07-08', 'Materi IPS 2', 'Sub Materi IPS 2', 9),
(27, '2021-07-15', 'Materi IPS 3', 'Sub Materi IPS 3', 9),
(28, '2021-07-01', 'Materi IPA 1', 'Sub Materi IPA 1', 10),
(29, '2021-07-08', 'Materi IPA 2', 'Sub Materi IPA 2', 10),
(30, '2021-07-15', 'Materi IPA 3', 'Sub Materi IPA 3', 10),
(31, '2021-07-01', 'Materi IPS 1', 'Sub Materi IPS 1', 11),
(32, '2021-07-08', 'Materi IPS 2', 'Sub Materi IPS 2', 11),
(33, '2021-07-15', 'Materi IPS 3', 'Sub Materi IPS 3', 11),
(34, '2021-07-01', 'Materi IPS 1', 'Sub Materi IPS 1', 12),
(35, '2021-07-08', 'Materi IPS 2', 'Sub Materi IPS 2', 12),
(36, '2021-07-15', 'Materi IPS 3', 'Sub Materi IPS 3', 12),
(37, '2021-07-01', 'Materi IPA 1', 'Sub Materi IPA 1', 13),
(38, '2021-07-08', 'Materi IPA 2', 'Sub Materi IPA 2', 13),
(39, '2021-07-15', 'Materi IPA 3', 'Sub Materi IPA 3', 13),
(40, '2021-07-01', 'Materi IPS 1', 'Sub Materi IPS 1', 14),
(41, '2021-07-08', 'Materi IPS 2', 'Sub Materi IPS 2', 14),
(42, '2021-07-15', 'Materi IPS 3', 'Sub Materi IPS 3', 14),
(43, '2021-07-01', 'Materi IPS 1', 'Sub Materi IPS 1', 15),
(44, '2021-07-08', 'Materi IPS 2', 'Sub Materi IPS 2', 15),
(45, '2021-07-15', 'Materi IPS 3', 'Sub Materi IPS 3', 15),
(46, '2021-07-01', 'Materi IPS 1', 'Sub Materi IPS 1', 16),
(47, '2021-07-08', 'Materi IPS 2', 'Sub Materi IPS 2', 16),
(48, '2021-07-15', 'Materi IPS 3', 'Sub Materi IPS 3', 16),
(49, '2021-07-01', 'Materi MTK 1', 'Sub Materi MTK 1', 17),
(50, '2021-07-08', 'Materi MTK 2', 'Sub Materi MTK 2', 17),
(51, '2021-07-15', 'Materi MTK 3', 'Sub Materi MTK 3', 17),
(52, '2021-07-01', 'Materi IPS 1', 'Sub Materi IPS 1', 18),
(53, '2021-07-08', 'Materi IPS 2', 'Sub Materi IPS 2', 18),
(54, '2021-07-15', 'Materi IPS 3', 'Sub Materi IPS 3', 18),
(55, '2021-07-01', 'Materi IPA 1', 'Sub Materi IPA 1', 19),
(56, '2021-07-08', 'Materi IPA 2', 'Sub Materi IPA 2', 19),
(57, '2021-07-15', 'Materi IPA 3', 'Sub Materi IPA 3', 19),
(58, '2021-07-01', 'Materi IPA 1', 'Sub Materi IPA 1', 20),
(59, '2021-07-08', 'Materi IPA 2', 'Sub Materi IPA 2', 20),
(60, '2021-07-15', 'Materi IPA 3', 'Sub Materi IPA 3', 20),
(61, '2021-07-01', 'Materi BI 1', 'Sub Materi BI 1', 21),
(62, '2021-07-08', 'Materi BI 2', 'Sub Materi BI 2', 21),
(63, '2021-07-15', 'Materi BI 3', 'Sub Materi BI 3', 21),
(64, '2021-07-01', 'Materi ENG 1', 'Sub Materi ENG 1', 22),
(65, '2021-07-08', 'Materi ENG 2', 'Sub Materi ENG 2', 22),
(66, '2021-07-15', 'Materi ENG 3', 'Sub Materi ENG 3', 22),
(67, '2021-07-01', 'Materi IPS 1', 'Sub Materi IPS 1', 23),
(68, '2021-07-08', 'Materi IPS 2', 'Sub Materi IPS 2', 23),
(69, '2021-07-15', 'Materi IPS 3', 'Sub Materi IPS 3', 23),
(70, '2021-07-01', 'Materi ENG 1', 'Sub Materi ENG 1', 24),
(71, '2021-07-08', 'Materi ENG 2', 'Sub Materi ENG 2', 24),
(72, '2021-07-15', 'Materi ENG 3', 'Sub Materi ENG 3', 24),
(73, '2021-07-01', 'Materi ENG 1', 'Sub Materi ENG 1', 25),
(74, '2021-07-08', 'Materi ENG 2', 'Sub Materi ENG 2', 25),
(75, '2021-07-15', 'Materi ENG 3', 'Sub Materi ENG 3', 25),
(76, '2021-07-01', 'Materi IPA 1', 'Sub Materi IPA 1', 26),
(77, '2021-07-08', 'Materi IPA 2', 'Sub Materi IPA 2', 26),
(78, '2021-07-15', 'Materi IPA 3', 'Sub Materi IPA 3', 26),
(79, '2021-07-01', 'Materi BI 1', 'Sub Materi BI 1', 27),
(80, '2021-07-08', 'Materi BI 2', 'Sub Materi BI 2', 27),
(81, '2021-07-15', 'Materi BI 3', 'Sub Materi BI 3', 27),
(82, '2021-07-01', 'Materi ENG 1', 'Sub Materi ENG 1', 28),
(83, '2021-07-08', 'Materi ENG 2', 'Sub Materi ENG 2', 28),
(84, '2021-07-15', 'Materi ENG 3', 'Sub Materi ENG 3', 28),
(85, '2021-07-01', 'Materi IPS 1', 'Sub Materi IPS 1', 29),
(86, '2021-07-08', 'Materi IPS 2', 'Sub Materi IPS 2', 29),
(87, '2021-07-15', 'Materi IPS 3', 'Sub Materi IPS 3', 29),
(88, '2021-07-01', 'Materi ENG 1', 'Sub Materi ENG 1', 30),
(89, '2021-07-08', 'Materi ENG 2', 'Sub Materi ENG 2', 30),
(90, '2021-07-15', 'Materi ENG 3', 'Sub Materi ENG 3', 30),
(91, '2021-07-01', 'Materi IPS 1', 'Sub Materi IPS 1', 31),
(92, '2021-07-08', 'Materi IPS 2', 'Sub Materi IPS 2', 31),
(93, '2021-07-15', 'Materi IPS 3', 'Sub Materi IPS 3', 31),
(94, '2021-07-01', 'Materi IPA 1', 'Sub Materi IPA 1', 32),
(95, '2021-07-08', 'Materi IPA 2', 'Sub Materi IPA 2', 32),
(96, '2021-07-15', 'Materi IPA 3', 'Sub Materi IPA 3', 32),
(97, '2021-07-01', 'Materi MTK 1', 'Sub Materi MTK 1', 33),
(98, '2021-07-08', 'Materi MTK 2', 'Sub Materi MTK 2', 33),
(99, '2021-07-15', 'Materi MTK 3', 'Sub Materi MTK 3', 33),
(100, '2021-07-01', 'Materi ENG 1', 'Sub Materi ENG 1', 34),
(101, '2021-07-08', 'Materi ENG 2', 'Sub Materi ENG 2', 34),
(102, '2021-07-15', 'Materi ENG 3', 'Sub Materi ENG 3', 34),
(103, '2021-07-01', 'Materi BI 1', 'Sub Materi BI 1', 35),
(104, '2021-07-08', 'Materi BI 2', 'Sub Materi BI 2', 35),
(105, '2021-07-15', 'Materi BI 3', 'Sub Materi BI 3', 35),
(106, '2021-07-01', 'Materi MTK 1', 'Sub Materi MTK 1', 36),
(107, '2021-07-08', 'Materi MTK 2', 'Sub Materi MTK 2', 36),
(108, '2021-07-15', 'Materi MTK 3', 'Sub Materi MTK 3', 36),
(109, '2021-07-01', 'Materi BI 1', 'Sub Materi BI 1', 37),
(110, '2021-07-08', 'Materi BI 2', 'Sub Materi BI 2', 37),
(111, '2021-07-15', 'Materi BI 3', 'Sub Materi BI 3', 37),
(112, '2021-07-01', 'Materi MTK 1', 'Sub Materi MTK 1', 38),
(113, '2021-07-08', 'Materi MTK 2', 'Sub Materi MTK 2', 38),
(114, '2021-07-15', 'Materi MTK 3', 'Sub Materi MTK 3', 38),
(115, '2021-07-01', 'Materi IPA 1', 'Sub Materi IPA 1', 39),
(116, '2021-07-08', 'Materi IPA 2', 'Sub Materi IPA 2', 39),
(117, '2021-07-15', 'Materi IPA 3', 'Sub Materi IPA 3', 39),
(118, '2021-07-01', 'Materi IPA 1', 'Sub Materi IPA 1', 40),
(119, '2021-07-08', 'Materi IPA 2', 'Sub Materi IPA 2', 40),
(120, '2021-07-15', 'Materi IPA 3', 'Sub Materi IPA 3', 40),
(121, '2021-07-01', 'Materi BI 1', 'Sub Materi BI 1', 41),
(122, '2021-07-08', 'Materi BI 2', 'Sub Materi BI 2', 41),
(123, '2021-07-15', 'Materi BI 3', 'Sub Materi BI 3', 41),
(124, '2021-07-01', 'Materi IPA 1', 'Sub Materi IPA 1', 42),
(125, '2021-07-08', 'Materi IPA 2', 'Sub Materi IPA 2', 42),
(126, '2021-07-15', 'Materi IPA 3', 'Sub Materi IPA 3', 42),
(127, '2021-07-01', 'Materi ENG 1', 'Sub Materi ENG 1', 43),
(128, '2021-07-08', 'Materi ENG 2', 'Sub Materi ENG 2', 43),
(129, '2021-07-15', 'Materi ENG 3', 'Sub Materi ENG 3', 43),
(130, '2021-07-01', 'Materi IPA 1', 'Sub Materi IPA 1', 44),
(131, '2021-07-08', 'Materi IPA 2', 'Sub Materi IPA 2', 44),
(132, '2021-07-15', 'Materi IPA 3', 'Sub Materi IPA 3', 44),
(133, '2021-07-01', 'Materi MTK 1', 'Sub Materi MTK 1', 45),
(134, '2021-07-08', 'Materi MTK 2', 'Sub Materi MTK 2', 45),
(135, '2021-07-15', 'Materi MTK 3', 'Sub Materi MTK 3', 45),
(136, '2021-07-01', 'Materi IPA 1', 'Sub Materi IPA 1', 46),
(137, '2021-07-08', 'Materi IPA 2', 'Sub Materi IPA 2', 46),
(138, '2021-07-15', 'Materi IPA 3', 'Sub Materi IPA 3', 46),
(139, '2021-07-01', 'Materi ENG 1', 'Sub Materi ENG 1', 47),
(140, '2021-07-08', 'Materi ENG 2', 'Sub Materi ENG 2', 47),
(141, '2021-07-15', 'Materi ENG 3', 'Sub Materi ENG 3', 47),
(142, '2021-07-01', 'Materi IPS 1', 'Sub Materi IPS 1', 48),
(143, '2021-07-08', 'Materi IPS 2', 'Sub Materi IPS 2', 48),
(144, '2021-07-15', 'Materi IPS 3', 'Sub Materi IPS 3', 48),
(145, '2021-07-01', 'Materi MTK 1', 'Sub Materi MTK 1', 49),
(146, '2021-07-08', 'Materi MTK 2', 'Sub Materi MTK 2', 49),
(147, '2021-07-15', 'Materi MTK 3', 'Sub Materi MTK 3', 49),
(148, '2021-07-01', 'Materi BI 1', 'Sub Materi BI 1', 50),
(149, '2021-07-08', 'Materi BI 2', 'Sub Materi BI 2', 50),
(150, '2021-07-15', 'Materi BI 3', 'Sub Materi BI 3', 50),
(151, '2021-07-01', 'Materi IPS 1', 'Sub Materi IPS 1', 51),
(152, '2021-07-08', 'Materi IPS 2', 'Sub Materi IPS 2', 51),
(153, '2021-07-15', 'Materi IPS 3', 'Sub Materi IPS 3', 51),
(154, '2021-07-01', 'Materi IPA 1', 'Sub Materi IPA 1', 52),
(155, '2021-07-08', 'Materi IPA 2', 'Sub Materi IPA 2', 52),
(156, '2021-07-15', 'Materi IPA 3', 'Sub Materi IPA 3', 52),
(157, '2021-07-01', 'Materi MTK 1', 'Sub Materi MTK 1', 53),
(158, '2021-07-08', 'Materi MTK 2', 'Sub Materi MTK 2', 53),
(159, '2021-07-15', 'Materi MTK 3', 'Sub Materi MTK 3', 53),
(160, '2021-07-01', 'Materi MTK 1', 'Sub Materi MTK 1', 54),
(161, '2021-07-08', 'Materi MTK 2', 'Sub Materi MTK 2', 54),
(162, '2021-07-15', 'Materi MTK 3', 'Sub Materi MTK 3', 54),
(163, '2021-07-01', 'Materi MTK 1', 'Sub Materi MTK 1', 55),
(164, '2021-07-08', 'Materi MTK 2', 'Sub Materi MTK 2', 55),
(165, '2021-07-15', 'Materi MTK 3', 'Sub Materi MTK 3', 55),
(166, '2021-07-01', 'Materi IPA 1', 'Sub Materi IPA 1', 56),
(167, '2021-07-08', 'Materi IPA 2', 'Sub Materi IPA 2', 56),
(168, '2021-07-15', 'Materi IPA 3', 'Sub Materi IPA 3', 56),
(169, '2021-07-01', 'Materi IPA 1', 'Sub Materi IPA 1', 57),
(170, '2021-07-08', 'Materi IPA 2', 'Sub Materi IPA 2', 57),
(171, '2021-07-15', 'Materi IPA 3', 'Sub Materi IPA 3', 57),
(172, '2021-07-01', 'Materi ENG 1', 'Sub Materi ENG 1', 58),
(173, '2021-07-08', 'Materi ENG 2', 'Sub Materi ENG 2', 58),
(174, '2021-07-15', 'Materi ENG 3', 'Sub Materi ENG 3', 58),
(175, '2021-07-01', 'Materi BI 1', 'Sub Materi BI 1', 59),
(176, '2021-07-08', 'Materi BI 2', 'Sub Materi BI 2', 59),
(177, '2021-07-15', 'Materi BI 3', 'Sub Materi BI 3', 59),
(178, '2021-07-01', 'Materi BI 1', 'Sub Materi BI 1', 60),
(179, '2021-07-08', 'Materi BI 2', 'Sub Materi BI 2', 60),
(180, '2021-07-15', 'Materi BI 3', 'Sub Materi BI 3', 60),
(181, '2021-07-01', 'Materi ENG 1', 'Sub Materi ENG 1', 61),
(182, '2021-07-08', 'Materi ENG 2', 'Sub Materi ENG 2', 61),
(183, '2021-07-15', 'Materi ENG 3', 'Sub Materi ENG 3', 61),
(184, '2021-07-01', 'Materi BI 1', 'Sub Materi BI 1', 62),
(185, '2021-07-08', 'Materi BI 2', 'Sub Materi BI 2', 62),
(186, '2021-07-15', 'Materi BI 3', 'Sub Materi BI 3', 62),
(187, '2021-07-01', 'Materi IPA 1', 'Sub Materi IPA 1', 63),
(188, '2021-07-08', 'Materi IPA 2', 'Sub Materi IPA 2', 63),
(189, '2021-07-15', 'Materi IPA 3', 'Sub Materi IPA 3', 63),
(190, '2021-07-01', 'Materi IPA 1', 'Sub Materi IPA 1', 64),
(191, '2021-07-08', 'Materi IPA 2', 'Sub Materi IPA 2', 64),
(192, '2021-07-15', 'Materi IPA 3', 'Sub Materi IPA 3', 64),
(193, '2021-07-01', 'Materi IPA 1', 'Sub Materi IPA 1', 65),
(194, '2021-07-08', 'Materi IPA 2', 'Sub Materi IPA 2', 65),
(195, '2021-07-15', 'Materi IPA 3', 'Sub Materi IPA 3', 65),
(196, '2021-07-01', 'Materi ENG 1', 'Sub Materi ENG 1', 66),
(197, '2021-07-08', 'Materi ENG 2', 'Sub Materi ENG 2', 66),
(198, '2021-07-15', 'Materi ENG 3', 'Sub Materi ENG 3', 66),
(199, '2021-07-01', 'Materi ENG 1', 'Sub Materi ENG 1', 67),
(200, '2021-07-08', 'Materi ENG 2', 'Sub Materi ENG 2', 67),
(201, '2021-07-15', 'Materi ENG 3', 'Sub Materi ENG 3', 67),
(202, '2021-07-01', 'Materi BI 1', 'Sub Materi BI 1', 68),
(203, '2021-07-08', 'Materi BI 2', 'Sub Materi BI 2', 68),
(204, '2021-07-15', 'Materi BI 3', 'Sub Materi BI 3', 68),
(205, '2021-07-01', 'Materi IPA 1', 'Sub Materi IPA 1', 69),
(206, '2021-07-08', 'Materi IPA 2', 'Sub Materi IPA 2', 69),
(207, '2021-07-15', 'Materi IPA 3', 'Sub Materi IPA 3', 69),
(208, '2021-07-01', 'Materi BI 1', 'Sub Materi BI 1', 70),
(209, '2021-07-08', 'Materi BI 2', 'Sub Materi BI 2', 70),
(210, '2021-07-15', 'Materi BI 3', 'Sub Materi BI 3', 70),
(211, '2021-07-01', 'Materi MTK 1', 'Sub Materi MTK 1', 71),
(212, '2021-07-08', 'Materi MTK 2', 'Sub Materi MTK 2', 71),
(213, '2021-07-15', 'Materi MTK 3', 'Sub Materi MTK 3', 71),
(214, '2021-07-01', 'Materi IPS 1', 'Sub Materi IPS 1', 72),
(215, '2021-07-08', 'Materi IPS 2', 'Sub Materi IPS 2', 72),
(216, '2021-07-15', 'Materi IPS 3', 'Sub Materi IPS 3', 72),
(217, '2021-07-01', 'Materi MTK 1', 'Sub Materi MTK 1', 73),
(218, '2021-07-08', 'Materi MTK 2', 'Sub Materi MTK 2', 73),
(219, '2021-07-15', 'Materi MTK 3', 'Sub Materi MTK 3', 73),
(220, '2021-07-01', 'Materi IPA 1', 'Sub Materi IPA 1', 74),
(221, '2021-07-08', 'Materi IPA 2', 'Sub Materi IPA 2', 74),
(222, '2021-07-15', 'Materi IPA 3', 'Sub Materi IPA 3', 74),
(223, '2021-07-01', 'Materi BI 1', 'Sub Materi BI 1', 75),
(224, '2021-07-08', 'Materi BI 2', 'Sub Materi BI 2', 75),
(225, '2021-07-15', 'Materi BI 3', 'Sub Materi BI 3', 75),
(226, '2021-07-01', 'Materi IPS 1', 'Sub Materi IPS 1', 76),
(227, '2021-07-08', 'Materi IPS 2', 'Sub Materi IPS 2', 76),
(228, '2021-07-15', 'Materi IPS 3', 'Sub Materi IPS 3', 76),
(229, '2021-07-01', 'Materi MTK 1', 'Sub Materi MTK 1', 77),
(230, '2021-07-08', 'Materi MTK 2', 'Sub Materi MTK 2', 77),
(231, '2021-07-15', 'Materi MTK 3', 'Sub Materi MTK 3', 77),
(232, '2021-07-01', 'Materi ENG 1', 'Sub Materi ENG 1', 78),
(233, '2021-07-08', 'Materi ENG 2', 'Sub Materi ENG 2', 78),
(234, '2021-07-15', 'Materi ENG 3', 'Sub Materi ENG 3', 78),
(235, '2021-07-01', 'Materi BI 1', 'Sub Materi BI 1', 79),
(236, '2021-07-08', 'Materi BI 2', 'Sub Materi BI 2', 79),
(237, '2021-07-15', 'Materi BI 3', 'Sub Materi BI 3', 79),
(238, '2021-07-01', 'Materi IPA 1', 'Sub Materi IPA 1', 80),
(239, '2021-07-08', 'Materi IPA 2', 'Sub Materi IPA 2', 80),
(240, '2021-07-15', 'Materi IPA 3', 'Sub Materi IPA 3', 80),
(241, '2021-07-01', 'Materi ENG 1', 'Sub Materi ENG 1', 81),
(242, '2021-07-08', 'Materi ENG 2', 'Sub Materi ENG 2', 81),
(243, '2021-07-15', 'Materi ENG 3', 'Sub Materi ENG 3', 81),
(244, '2021-07-01', 'Materi ENG 1', 'Sub Materi ENG 1', 82),
(245, '2021-07-08', 'Materi ENG 2', 'Sub Materi ENG 2', 82),
(246, '2021-07-15', 'Materi ENG 3', 'Sub Materi ENG 3', 82),
(247, '2021-07-01', 'Materi IPS 1', 'Sub Materi IPS 1', 83),
(248, '2021-07-08', 'Materi IPS 2', 'Sub Materi IPS 2', 83),
(249, '2021-07-15', 'Materi IPS 3', 'Sub Materi IPS 3', 83),
(250, '2021-07-01', 'Materi ENG 1', 'Sub Materi ENG 1', 84),
(251, '2021-07-08', 'Materi ENG 2', 'Sub Materi ENG 2', 84),
(252, '2021-07-15', 'Materi ENG 3', 'Sub Materi ENG 3', 84),
(253, '2021-07-01', 'Materi IPS 1', 'Sub Materi IPS 1', 85),
(254, '2021-07-08', 'Materi IPS 2', 'Sub Materi IPS 2', 85),
(255, '2021-07-15', 'Materi IPS 3', 'Sub Materi IPS 3', 85),
(256, '2021-07-01', 'Materi MTK 1', 'Sub Materi MTK 1', 86),
(257, '2021-07-08', 'Materi MTK 2', 'Sub Materi MTK 2', 86),
(258, '2021-07-15', 'Materi MTK 3', 'Sub Materi MTK 3', 86),
(259, '2021-07-01', 'Materi MTK 1', 'Sub Materi MTK 1', 87),
(260, '2021-07-08', 'Materi MTK 2', 'Sub Materi MTK 2', 87),
(261, '2021-07-15', 'Materi MTK 3', 'Sub Materi MTK 3', 87),
(262, '2021-07-01', 'Materi IPA 1', 'Sub Materi IPA 1', 88),
(263, '2021-07-08', 'Materi IPA 2', 'Sub Materi IPA 2', 88),
(264, '2021-07-15', 'Materi IPA 3', 'Sub Materi IPA 3', 88),
(265, '2021-07-01', 'Materi IPS 1', 'Sub Materi IPS 1', 89),
(266, '2021-07-08', 'Materi IPS 2', 'Sub Materi IPS 2', 89),
(267, '2021-07-15', 'Materi IPS 3', 'Sub Materi IPS 3', 89),
(268, '2021-07-01', 'Materi MTK 1', 'Sub Materi MTK 1', 90),
(269, '2021-07-08', 'Materi MTK 2', 'Sub Materi MTK 2', 90),
(270, '2021-07-15', 'Materi MTK 3', 'Sub Materi MTK 3', 90),
(271, '2021-07-01', 'Materi IPS 1', 'Sub Materi IPS 1', 91),
(272, '2021-07-08', 'Materi IPS 2', 'Sub Materi IPS 2', 91),
(273, '2021-07-15', 'Materi IPS 3', 'Sub Materi IPS 3', 91),
(274, '2021-07-01', 'Materi ENG 1', 'Sub Materi ENG 1', 92),
(275, '2021-07-08', 'Materi ENG 2', 'Sub Materi ENG 2', 92),
(276, '2021-07-15', 'Materi ENG 3', 'Sub Materi ENG 3', 92),
(277, '2021-07-01', 'Materi MTK 1', 'Sub Materi MTK 1', 93),
(278, '2021-07-08', 'Materi MTK 2', 'Sub Materi MTK 2', 93),
(279, '2021-07-15', 'Materi MTK 3', 'Sub Materi MTK 3', 93),
(280, '2021-07-01', 'Materi IPA 1', 'Sub Materi IPA 1', 94),
(281, '2021-07-08', 'Materi IPA 2', 'Sub Materi IPA 2', 94),
(282, '2021-07-15', 'Materi IPA 3', 'Sub Materi IPA 3', 94),
(283, '2021-07-01', 'Materi MTK 1', 'Sub Materi MTK 1', 95),
(284, '2021-07-08', 'Materi MTK 2', 'Sub Materi MTK 2', 95),
(285, '2021-07-15', 'Materi MTK 3', 'Sub Materi MTK 3', 95),
(286, '2021-07-01', 'Materi MTK 1', 'Sub Materi MTK 1', 96),
(287, '2021-07-08', 'Materi MTK 2', 'Sub Materi MTK 2', 96),
(288, '2021-07-15', 'Materi MTK 3', 'Sub Materi MTK 3', 96),
(289, '2021-07-01', 'Materi ENG 1', 'Sub Materi ENG 1', 97),
(290, '2021-07-08', 'Materi ENG 2', 'Sub Materi ENG 2', 97),
(291, '2021-07-15', 'Materi ENG 3', 'Sub Materi ENG 3', 97),
(292, '2021-07-01', 'Materi BI 1', 'Sub Materi BI 1', 98),
(293, '2021-07-08', 'Materi BI 2', 'Sub Materi BI 2', 98),
(294, '2021-07-15', 'Materi BI 3', 'Sub Materi BI 3', 98),
(295, '2021-07-01', 'Materi BI 1', 'Sub Materi BI 1', 99),
(296, '2021-07-08', 'Materi BI 2', 'Sub Materi BI 2', 99),
(297, '2021-07-15', 'Materi BI 3', 'Sub Materi BI 3', 99),
(298, '2021-07-01', 'Materi IPS 1', 'Sub Materi IPS 1', 100),
(299, '2021-07-08', 'Materi IPS 2', 'Sub Materi IPS 2', 100),
(300, '2021-07-15', 'Materi IPS 3', 'Sub Materi IPS 3', 100),
(301, '2021-07-01', 'Materi IPS 1', 'Sub Materi IPS 1', 101),
(302, '2021-07-08', 'Materi IPS 2', 'Sub Materi IPS 2', 101),
(303, '2021-07-15', 'Materi IPS 3', 'Sub Materi IPS 3', 101),
(304, '2021-07-01', 'Materi ENG 1', 'Sub Materi ENG 1', 102),
(305, '2021-07-08', 'Materi ENG 2', 'Sub Materi ENG 2', 102),
(306, '2021-07-15', 'Materi ENG 3', 'Sub Materi ENG 3', 102),
(307, '2021-07-01', 'Materi BI 1', 'Sub Materi BI 1', 103),
(308, '2021-07-08', 'Materi BI 2', 'Sub Materi BI 2', 103),
(309, '2021-07-15', 'Materi BI 3', 'Sub Materi BI 3', 103),
(310, '2021-07-01', 'Materi IPA 1', 'Sub Materi IPA 1', 104),
(311, '2021-07-08', 'Materi IPA 2', 'Sub Materi IPA 2', 104),
(312, '2021-07-15', 'Materi IPA 3', 'Sub Materi IPA 3', 104),
(313, '2021-07-01', 'Materi MTK 1', 'Sub Materi MTK 1', 105),
(314, '2021-07-08', 'Materi MTK 2', 'Sub Materi MTK 2', 105),
(315, '2021-07-15', 'Materi MTK 3', 'Sub Materi MTK 3', 105),
(316, '2021-07-01', 'Materi BI 1', 'Sub Materi BI 1', 106),
(317, '2021-07-08', 'Materi BI 2', 'Sub Materi BI 2', 106),
(318, '2021-07-15', 'Materi BI 3', 'Sub Materi BI 3', 106),
(319, '2021-07-01', 'Materi BI 1', 'Sub Materi BI 1', 107),
(320, '2021-07-08', 'Materi BI 2', 'Sub Materi BI 2', 107),
(321, '2021-07-15', 'Materi BI 3', 'Sub Materi BI 3', 107),
(322, '2021-07-01', 'Materi MTK 1', 'Sub Materi MTK 1', 108),
(323, '2021-07-08', 'Materi MTK 2', 'Sub Materi MTK 2', 108),
(324, '2021-07-15', 'Materi MTK 3', 'Sub Materi MTK 3', 108),
(325, '2021-07-01', 'Materi IPS 1', 'Sub Materi IPS 1', 109),
(326, '2021-07-08', 'Materi IPS 2', 'Sub Materi IPS 2', 109),
(327, '2021-07-15', 'Materi IPS 3', 'Sub Materi IPS 3', 109),
(328, '2021-07-01', 'Materi IPA 1', 'Sub Materi IPA 1', 110),
(329, '2021-07-08', 'Materi IPA 2', 'Sub Materi IPA 2', 110),
(330, '2021-07-15', 'Materi IPA 3', 'Sub Materi IPA 3', 110),
(331, '2021-07-01', 'Materi MTK 1', 'Sub Materi MTK 1', 111),
(332, '2021-07-08', 'Materi MTK 2', 'Sub Materi MTK 2', 111),
(333, '2021-07-15', 'Materi MTK 3', 'Sub Materi MTK 3', 111),
(334, '2021-07-01', 'Materi BI 1', 'Sub Materi BI 1', 112),
(335, '2021-07-08', 'Materi BI 2', 'Sub Materi BI 2', 112),
(336, '2021-07-15', 'Materi BI 3', 'Sub Materi BI 3', 112),
(337, '2021-07-01', 'Materi MTK 1', 'Sub Materi MTK 1', 113),
(338, '2021-07-08', 'Materi MTK 2', 'Sub Materi MTK 2', 113),
(339, '2021-07-15', 'Materi MTK 3', 'Sub Materi MTK 3', 113),
(340, '2021-07-01', 'Materi ENG 1', 'Sub Materi ENG 1', 114),
(341, '2021-07-08', 'Materi ENG 2', 'Sub Materi ENG 2', 114),
(342, '2021-07-15', 'Materi ENG 3', 'Sub Materi ENG 3', 114),
(343, '2021-07-01', 'Materi MTK 1', 'Sub Materi MTK 1', 115),
(344, '2021-07-08', 'Materi MTK 2', 'Sub Materi MTK 2', 115),
(345, '2021-07-15', 'Materi MTK 3', 'Sub Materi MTK 3', 115),
(346, '2021-07-01', 'Materi BI 1', 'Sub Materi BI 1', 116),
(347, '2021-07-08', 'Materi BI 2', 'Sub Materi BI 2', 116),
(348, '2021-07-15', 'Materi BI 3', 'Sub Materi BI 3', 116),
(349, '2021-07-01', 'Materi IPS 1', 'Sub Materi IPS 1', 117),
(350, '2021-07-08', 'Materi IPS 2', 'Sub Materi IPS 2', 117),
(351, '2021-07-15', 'Materi IPS 3', 'Sub Materi IPS 3', 117),
(352, '2021-07-01', 'Materi IPA 1', 'Sub Materi IPA 1', 118),
(353, '2021-07-08', 'Materi IPA 2', 'Sub Materi IPA 2', 118),
(354, '2021-07-15', 'Materi IPA 3', 'Sub Materi IPA 3', 118),
(355, '2021-07-01', 'Materi ENG 1', 'Sub Materi ENG 1', 119),
(356, '2021-07-08', 'Materi ENG 2', 'Sub Materi ENG 2', 119),
(357, '2021-07-15', 'Materi ENG 3', 'Sub Materi ENG 3', 119),
(358, '2021-07-01', 'Materi MTK 1', 'Sub Materi MTK 1', 120),
(359, '2021-07-08', 'Materi MTK 2', 'Sub Materi MTK 2', 120),
(360, '2021-07-15', 'Materi MTK 3', 'Sub Materi MTK 3', 120),
(361, '2021-07-01', 'Materi ENG 1', 'Sub Materi ENG 1', 121),
(362, '2021-07-08', 'Materi ENG 2', 'Sub Materi ENG 2', 121),
(363, '2021-07-15', 'Materi ENG 3', 'Sub Materi ENG 3', 121),
(364, '2021-07-01', 'Materi IPA 1', 'Sub Materi IPA 1', 122),
(365, '2021-07-08', 'Materi IPA 2', 'Sub Materi IPA 2', 122),
(366, '2021-07-15', 'Materi IPA 3', 'Sub Materi IPA 3', 122),
(367, '2021-07-01', 'Materi IPS 1', 'Sub Materi IPS 1', 123),
(368, '2021-07-08', 'Materi IPS 2', 'Sub Materi IPS 2', 123),
(369, '2021-07-15', 'Materi IPS 3', 'Sub Materi IPS 3', 123),
(370, '2021-07-01', 'Materi MTK 1', 'Sub Materi MTK 1', 124),
(371, '2021-07-08', 'Materi MTK 2', 'Sub Materi MTK 2', 124),
(372, '2021-07-15', 'Materi MTK 3', 'Sub Materi MTK 3', 124),
(373, '2021-07-01', 'Materi MTK 1', 'Sub Materi MTK 1', 125),
(374, '2021-07-08', 'Materi MTK 2', 'Sub Materi MTK 2', 125),
(375, '2021-07-15', 'Materi MTK 3', 'Sub Materi MTK 3', 125),
(376, '2021-07-01', 'Materi ENG 1', 'Sub Materi ENG 1', 126),
(377, '2021-07-08', 'Materi ENG 2', 'Sub Materi ENG 2', 126),
(378, '2021-07-15', 'Materi ENG 3', 'Sub Materi ENG 3', 126),
(379, '2021-07-01', 'Materi MTK 1', 'Sub Materi MTK 1', 127),
(380, '2021-07-08', 'Materi MTK 2', 'Sub Materi MTK 2', 127),
(381, '2021-07-15', 'Materi MTK 3', 'Sub Materi MTK 3', 127),
(382, '2021-07-01', 'Materi MTK 1', 'Sub Materi MTK 1', 128),
(383, '2021-07-08', 'Materi MTK 2', 'Sub Materi MTK 2', 128),
(384, '2021-07-15', 'Materi MTK 3', 'Sub Materi MTK 3', 128),
(385, '2021-07-01', 'Materi ENG 1', 'Sub Materi ENG 1', 129),
(386, '2021-07-08', 'Materi ENG 2', 'Sub Materi ENG 2', 129),
(387, '2021-07-15', 'Materi ENG 3', 'Sub Materi ENG 3', 129),
(388, '2021-07-01', 'Materi IPA 1', 'Sub Materi IPA 1', 130),
(389, '2021-07-08', 'Materi IPA 2', 'Sub Materi IPA 2', 130),
(390, '2021-07-15', 'Materi IPA 3', 'Sub Materi IPA 3', 130),
(391, '2021-07-01', 'Materi IPS 1', 'Sub Materi IPS 1', 131),
(392, '2021-07-08', 'Materi IPS 2', 'Sub Materi IPS 2', 131),
(393, '2021-07-15', 'Materi IPS 3', 'Sub Materi IPS 3', 131),
(394, '2021-07-01', 'Materi MTK 1', 'Sub Materi MTK 1', 132),
(395, '2021-07-08', 'Materi MTK 2', 'Sub Materi MTK 2', 132),
(396, '2021-07-15', 'Materi MTK 3', 'Sub Materi MTK 3', 132),
(397, '2021-07-01', 'Materi ENG 1', 'Sub Materi ENG 1', 133),
(398, '2021-07-08', 'Materi ENG 2', 'Sub Materi ENG 2', 133),
(399, '2021-07-15', 'Materi ENG 3', 'Sub Materi ENG 3', 133),
(400, '2021-07-01', 'Materi ENG 1', 'Sub Materi ENG 1', 134),
(401, '2021-07-08', 'Materi ENG 2', 'Sub Materi ENG 2', 134),
(402, '2021-07-15', 'Materi ENG 3', 'Sub Materi ENG 3', 134),
(403, '2021-07-01', 'Materi ENG 1', 'Sub Materi ENG 1', 135),
(404, '2021-07-08', 'Materi ENG 2', 'Sub Materi ENG 2', 135),
(405, '2021-07-15', 'Materi ENG 3', 'Sub Materi ENG 3', 135),
(406, '2021-07-01', 'Materi BI 1', 'Sub Materi BI 1', 136),
(407, '2021-07-08', 'Materi BI 2', 'Sub Materi BI 2', 136),
(408, '2021-07-15', 'Materi BI 3', 'Sub Materi BI 3', 136),
(409, '2021-07-01', 'Materi MTK 1', 'Sub Materi MTK 1', 137),
(410, '2021-07-08', 'Materi MTK 2', 'Sub Materi MTK 2', 137),
(411, '2021-07-15', 'Materi MTK 3', 'Sub Materi MTK 3', 137),
(412, '2021-07-01', 'Materi MTK 1', 'Sub Materi MTK 1', 138),
(413, '2021-07-08', 'Materi MTK 2', 'Sub Materi MTK 2', 138),
(414, '2021-07-15', 'Materi MTK 3', 'Sub Materi MTK 3', 138),
(415, '2021-07-01', 'Materi IPS 1', 'Sub Materi IPS 1', 139),
(416, '2021-07-08', 'Materi IPS 2', 'Sub Materi IPS 2', 139),
(417, '2021-07-15', 'Materi IPS 3', 'Sub Materi IPS 3', 139),
(418, '2021-07-01', 'Materi IPS 1', 'Sub Materi IPS 1', 140),
(419, '2021-07-08', 'Materi IPS 2', 'Sub Materi IPS 2', 140),
(420, '2021-07-15', 'Materi IPS 3', 'Sub Materi IPS 3', 140),
(421, '2021-07-01', 'Materi IPA 1', 'Sub Materi IPA 1', 141),
(422, '2021-07-08', 'Materi IPA 2', 'Sub Materi IPA 2', 141),
(423, '2021-07-15', 'Materi IPA 3', 'Sub Materi IPA 3', 141),
(424, '2021-07-01', 'Materi ENG 1', 'Sub Materi ENG 1', 142),
(425, '2021-07-08', 'Materi ENG 2', 'Sub Materi ENG 2', 142),
(426, '2021-07-15', 'Materi ENG 3', 'Sub Materi ENG 3', 142),
(427, '2021-07-01', 'Materi MTK 1', 'Sub Materi MTK 1', 143),
(428, '2021-07-08', 'Materi MTK 2', 'Sub Materi MTK 2', 143),
(429, '2021-07-15', 'Materi MTK 3', 'Sub Materi MTK 3', 143),
(430, '2021-07-01', 'Materi BI 1', 'Sub Materi BI 1', 144),
(431, '2021-07-08', 'Materi BI 2', 'Sub Materi BI 2', 144),
(432, '2021-07-15', 'Materi BI 3', 'Sub Materi BI 3', 144),
(433, '2021-07-01', 'Materi BI 1', 'Sub Materi BI 1', 145),
(434, '2021-07-08', 'Materi BI 2', 'Sub Materi BI 2', 145),
(435, '2021-07-15', 'Materi BI 3', 'Sub Materi BI 3', 145),
(436, '2021-07-01', 'Materi BI 1', 'Sub Materi BI 1', 146),
(437, '2021-07-08', 'Materi BI 2', 'Sub Materi BI 2', 146),
(438, '2021-07-15', 'Materi BI 3', 'Sub Materi BI 3', 146),
(439, '2021-07-01', 'Materi BI 1', 'Sub Materi BI 1', 147),
(440, '2021-07-08', 'Materi BI 2', 'Sub Materi BI 2', 147),
(441, '2021-07-15', 'Materi BI 3', 'Sub Materi BI 3', 147),
(442, '2021-07-01', 'Materi MTK 1', 'Sub Materi MTK 1', 148),
(443, '2021-07-08', 'Materi MTK 2', 'Sub Materi MTK 2', 148),
(444, '2021-07-15', 'Materi MTK 3', 'Sub Materi MTK 3', 148),
(445, '2021-07-01', 'Materi IPA 1', 'Sub Materi IPA 1', 149),
(446, '2021-07-08', 'Materi IPA 2', 'Sub Materi IPA 2', 149),
(447, '2021-07-15', 'Materi IPA 3', 'Sub Materi IPA 3', 149),
(448, '2021-07-01', 'Materi ENG 1', 'Sub Materi ENG 1', 150),
(449, '2021-07-08', 'Materi ENG 2', 'Sub Materi ENG 2', 150),
(450, '2021-07-15', 'Materi ENG 3', 'Sub Materi ENG 3', 150);

-- --------------------------------------------------------

--
-- Table structure for table `kehadiran`
--

--
-- Dumping data for table `kehadiran`
--

INSERT INTO `kehadiran` (`id_kehadiran`, `id_keterangan`, `id_kbm`, `nis`) VALUES
(1, '3', 1, 20029),
(2, '2', 1, 20018),
(3, '3', 2, 20042),
(4, '1', 2, 20034),
(5, '0', 3, 20024),
(6, '2', 3, 20020),
(7, '1', 4, 20042),
(8, '0', 4, 20016),
(9, '2', 5, 20040),
(10, '3', 5, 20033),
(11, '1', 6, 20006),
(12, '1', 6, 20015),
(13, '2', 7, 20040),
(14, '1', 7, 20047),
(15, '3', 8, 20002),
(16, '0', 8, 20005),
(17, '2', 9, 20013),
(18, '1', 9, 20010),
(19, '0', 10, 20014),
(20, '3', 10, 20014),
(21, '2', 11, 20024),
(22, '2', 11, 20029),
(23, '3', 12, 20009),
(24, '0', 12, 20045),
(25, '2', 13, 20033),
(26, '3', 13, 20018),
(27, '2', 14, 20001),
(28, '3', 14, 20030),
(29, '3', 15, 20047),
(30, '2', 15, 20004),
(31, '3', 16, 20034),
(32, '2', 16, 20020),
(33, '0', 17, 20023),
(34, '0', 17, 20033),
(35, '0', 18, 20041),
(36, '1', 18, 20003),
(37, '2', 19, 20044),
(38, '2', 19, 20047),
(39, '1', 20, 20031),
(40, '0', 20, 20047),
(41, '2', 21, 20046),
(42, '3', 21, 20042),
(43, '3', 22, 20028),
(44, '3', 22, 20044),
(45, '0', 23, 20039),
(46, '0', 23, 20044),
(47, '0', 24, 20023),
(48, '3', 24, 20021),
(49, '2', 25, 20009),
(50, '3', 25, 20011),
(51, '1', 26, 20009),
(52, '2', 26, 20012),
(53, '1', 27, 20020),
(54, '2', 27, 20049),
(55, '1', 28, 20019),
(56, '3', 28, 20035),
(57, '3', 29, 20035),
(58, '3', 29, 20035),
(59, '3', 30, 20013),
(60, '1', 30, 20019),
(61, '0', 31, 20021),
(62, '2', 31, 20036),
(63, '0', 32, 20028),
(64, '2', 32, 20035),
(65, '2', 33, 20010),
(66, '3', 33, 20032),
(67, '0', 34, 20038),
(68, '2', 34, 20020),
(69, '0', 35, 20041),
(70, '0', 35, 20007),
(71, '2', 36, 20045),
(72, '1', 36, 20046),
(73, '2', 37, 20005),
(74, '2', 37, 20019),
(75, '0', 38, 20037),
(76, '3', 38, 20040),
(77, '0', 39, 20024),
(78, '1', 39, 20022),
(79, '3', 40, 20002),
(80, '0', 40, 20015),
(81, '3', 41, 20037),
(82, '3', 41, 20041),
(83, '2', 42, 20016),
(84, '3', 42, 20006),
(85, '2', 43, 20044),
(86, '1', 43, 20046),
(87, '3', 44, 20047),
(88, '0', 44, 20037),
(89, '3', 45, 20039),
(90, '0', 45, 20049),
(91, '3', 46, 20037),
(92, '0', 46, 20018),
(93, '1', 47, 20043),
(94, '1', 47, 20017),
(95, '2', 48, 20013),
(96, '2', 48, 20039),
(97, '2', 49, 20004),
(98, '2', 49, 20021),
(99, '2', 50, 20026),
(100, '3', 50, 20025),
(101, '1', 51, 20037),
(102, '0', 51, 20016),
(103, '1', 52, 20024),
(104, '0', 52, 20011),
(105, '3', 53, 20018),
(106, '3', 53, 20038),
(107, '0', 54, 20045),
(108, '0', 54, 20004),
(109, '1', 55, 20027),
(110, '1', 55, 20002),
(111, '2', 56, 20014),
(112, '1', 56, 20026),
(113, '1', 57, 20003),
(114, '2', 57, 20048),
(115, '3', 58, 20009),
(116, '2', 58, 20003),
(117, '1', 59, 20040),
(118, '3', 59, 20049),
(119, '3', 60, 20022),
(120, '0', 60, 20042),
(121, '1', 61, 20010),
(122, '2', 61, 20008),
(123, '0', 62, 20019),
(124, '0', 62, 20025),
(125, '0', 63, 20007),
(126, '0', 63, 20010),
(127, '2', 64, 20004),
(128, '0', 64, 20027),
(129, '0', 65, 20006),
(130, '3', 65, 20002),
(131, '0', 66, 20014),
(132, '0', 66, 20042),
(133, '1', 67, 20005),
(134, '0', 67, 20034),
(135, '0', 68, 20009),
(136, '2', 68, 20026),
(137, '3', 69, 20018),
(138, '1', 69, 20025),
(139, '1', 70, 20040),
(140, '1', 70, 20013),
(141, '0', 71, 20016),
(142, '1', 71, 20016),
(143, '2', 72, 20048),
(144, '3', 72, 20024),
(145, '3', 73, 20043),
(146, '1', 73, 20026),
(147, '1', 74, 20037),
(148, '2', 74, 20028),
(149, '2', 75, 20041),
(150, '0', 75, 20044),
(151, '0', 76, 20028),
(152, '2', 76, 20010),
(153, '3', 77, 20048),
(154, '3', 77, 20009),
(155, '2', 78, 20012),
(156, '2', 78, 20016),
(157, '1', 79, 20044),
(158, '1', 79, 20035),
(159, '3', 80, 20018),
(160, '1', 80, 20018),
(161, '0', 81, 20002),
(162, '2', 81, 20035),
(163, '1', 82, 20002),
(164, '0', 82, 20021),
(165, '1', 83, 20003),
(166, '2', 83, 20014),
(167, '3', 84, 20039),
(168, '0', 84, 20045),
(169, '1', 85, 20016),
(170, '1', 85, 20038),
(171, '3', 86, 20048),
(172, '3', 86, 20045),
(173, '3', 87, 20019),
(174, '3', 87, 20010),
(175, '2', 88, 20009),
(176, '3', 88, 20017),
(177, '1', 89, 20009),
(178, '0', 89, 20048),
(179, '0', 90, 20041),
(180, '1', 90, 20015),
(181, '2', 91, 20002),
(182, '3', 91, 20008),
(183, '2', 92, 20045),
(184, '1', 92, 20045),
(185, '1', 93, 20004),
(186, '0', 93, 20018),
(187, '0', 94, 20017),
(188, '2', 94, 20026),
(189, '2', 95, 20034),
(190, '0', 95, 20029),
(191, '1', 96, 20044),
(192, '1', 96, 20014),
(193, '0', 97, 20002),
(194, '1', 97, 20003),
(195, '2', 98, 20042),
(196, '0', 98, 20009),
(197, '0', 99, 20020),
(198, '1', 99, 20013),
(199, '3', 100, 20004),
(200, '0', 100, 20027),
(201, '2', 101, 20044),
(202, '1', 101, 20018),
(203, '1', 102, 20029),
(204, '0', 102, 20021),
(205, '2', 103, 20038),
(206, '0', 103, 20036),
(207, '2', 104, 20043),
(208, '2', 104, 20016),
(209, '2', 105, 20027),
(210, '1', 105, 20010),
(211, '0', 106, 20001),
(212, '3', 106, 20035),
(213, '2', 107, 20040),
(214, '2', 107, 20013),
(215, '0', 108, 20026),
(216, '3', 108, 20034),
(217, '2', 109, 20032),
(218, '3', 109, 20043),
(219, '0', 110, 20029),
(220, '3', 110, 20008),
(221, '0', 111, 20030),
(222, '1', 111, 20048),
(223, '3', 112, 20042),
(224, '0', 112, 20041),
(225, '1', 113, 20016),
(226, '2', 113, 20022),
(227, '1', 114, 20034),
(228, '3', 114, 20037),
(229, '0', 115, 20025),
(230, '0', 115, 20048),
(231, '1', 116, 20014),
(232, '0', 116, 20038),
(233, '0', 117, 20035),
(234, '2', 117, 20037),
(235, '0', 118, 20010),
(236, '1', 118, 20037),
(237, '2', 119, 20039),
(238, '0', 119, 20007),
(239, '1', 120, 20023),
(240, '2', 120, 20040),
(241, '2', 121, 20031),
(242, '1', 121, 20047),
(243, '3', 122, 20020),
(244, '1', 122, 20028),
(245, '1', 123, 20036),
(246, '1', 123, 20038),
(247, '0', 124, 20049),
(248, '3', 124, 20019),
(249, '0', 125, 20012),
(250, '2', 125, 20028),
(251, '1', 126, 20009),
(252, '3', 126, 20002),
(253, '0', 127, 20018),
(254, '2', 127, 20014),
(255, '0', 128, 20026),
(256, '1', 128, 20038),
(257, '1', 129, 20038),
(258, '2', 129, 20026),
(259, '1', 130, 20047),
(260, '3', 130, 20026),
(261, '1', 131, 20004),
(262, '1', 131, 20032),
(263, '0', 132, 20009),
(264, '1', 132, 20017),
(265, '0', 133, 20030),
(266, '1', 133, 20048),
(267, '0', 134, 20032),
(268, '0', 134, 20012),
(269, '3', 135, 20043),
(270, '2', 135, 20004),
(271, '3', 136, 20021),
(272, '2', 136, 20014),
(273, '2', 137, 20047),
(274, '3', 137, 20046),
(275, '0', 138, 20009),
(276, '2', 138, 20019),
(277, '2', 139, 20049),
(278, '0', 139, 20020),
(279, '1', 140, 20040),
(280, '1', 140, 20025),
(281, '2', 141, 20040),
(282, '2', 141, 20034),
(283, '3', 142, 20024),
(284, '2', 142, 20002),
(285, '2', 143, 20031),
(286, '0', 143, 20014),
(287, '2', 144, 20011),
(288, '2', 144, 20019),
(289, '3', 145, 20037),
(290, '0', 145, 20026),
(291, '0', 146, 20010),
(292, '3', 146, 20020),
(293, '1', 147, 20039),
(294, '2', 147, 20032),
(295, '0', 148, 20014),
(296, '2', 148, 20044),
(297, '1', 149, 20047),
(298, '3', 149, 20044),
(299, '2', 150, 20028),
(300, '2', 150, 20035),
(301, '1', 151, 20041),
(302, '2', 151, 20003),
(303, '1', 152, 20046),
(304, '3', 152, 20007),
(305, '1', 153, 20004),
(306, '2', 153, 20030),
(307, '3', 154, 20018),
(308, '1', 154, 20005),
(309, '2', 155, 20023),
(310, '2', 155, 20030),
(311, '1', 156, 20043),
(312, '2', 156, 20010),
(313, '0', 157, 20019),
(314, '3', 157, 20048),
(315, '1', 158, 20009),
(316, '3', 158, 20040),
(317, '0', 159, 20045),
(318, '0', 159, 20042),
(319, '0', 160, 20037),
(320, '2', 160, 20003),
(321, '0', 161, 20046),
(322, '0', 161, 20033),
(323, '1', 162, 20046),
(324, '2', 162, 20001),
(325, '3', 163, 20001),
(326, '1', 163, 20045),
(327, '3', 164, 20013),
(328, '2', 164, 20027),
(329, '2', 165, 20039),
(330, '3', 165, 20030),
(331, '1', 166, 20008),
(332, '0', 166, 20048),
(333, '0', 167, 20033),
(334, '3', 167, 20037),
(335, '3', 168, 20049),
(336, '1', 168, 20032),
(337, '1', 169, 20013),
(338, '0', 169, 20032),
(339, '3', 170, 20024),
(340, '1', 170, 20037),
(341, '3', 171, 20046),
(342, '0', 171, 20001),
(343, '3', 172, 20030),
(344, '0', 172, 20020),
(345, '2', 173, 20009),
(346, '1', 173, 20046),
(347, '1', 174, 20046),
(348, '1', 174, 20009),
(349, '3', 175, 20014),
(350, '2', 175, 20042),
(351, '2', 176, 20044),
(352, '3', 176, 20004),
(353, '3', 177, 20008),
(354, '2', 177, 20044),
(355, '1', 178, 20040),
(356, '1', 178, 20023),
(357, '2', 179, 20009),
(358, '1', 179, 20016),
(359, '2', 180, 20016),
(360, '1', 180, 20037),
(361, '2', 181, 20007),
(362, '1', 181, 20023),
(363, '3', 182, 20002),
(364, '1', 182, 20027),
(365, '0', 183, 20032),
(366, '2', 183, 20011),
(367, '3', 184, 20048),
(368, '1', 184, 20025),
(369, '2', 185, 20021),
(370, '1', 185, 20028),
(371, '1', 186, 20019),
(372, '3', 186, 20020),
(373, '2', 187, 20001),
(374, '0', 187, 20018),
(375, '1', 188, 20043),
(376, '2', 188, 20008),
(377, '0', 189, 20046),
(378, '2', 189, 20036),
(379, '1', 190, 20019),
(380, '3', 190, 20022),
(381, '1', 191, 20014),
(382, '3', 191, 20038),
(383, '3', 192, 20023),
(384, '0', 192, 20023),
(385, '0', 193, 20011),
(386, '2', 193, 20029),
(387, '3', 194, 20046),
(388, '3', 194, 20045),
(389, '0', 195, 20002),
(390, '2', 195, 20030),
(391, '2', 196, 20046),
(392, '3', 196, 20018),
(393, '0', 197, 20030),
(394, '1', 197, 20036),
(395, '2', 198, 20027),
(396, '0', 198, 20001),
(397, '2', 199, 20039),
(398, '2', 199, 20026),
(399, '3', 200, 20026),
(400, '2', 200, 20038),
(401, '3', 201, 20044),
(402, '3', 201, 20015),
(403, '3', 202, 20028),
(404, '1', 202, 20009),
(405, '1', 203, 20009),
(406, '2', 203, 20049),
(407, '1', 204, 20012),
(408, '0', 204, 20005),
(409, '2', 205, 20025),
(410, '2', 205, 20041),
(411, '0', 206, 20032),
(412, '0', 206, 20010),
(413, '0', 207, 20006),
(414, '3', 207, 20048),
(415, '2', 208, 20047),
(416, '2', 208, 20044),
(417, '1', 209, 20048),
(418, '0', 209, 20045),
(419, '3', 210, 20024),
(420, '0', 210, 20042),
(421, '3', 211, 20011),
(422, '1', 211, 20008),
(423, '3', 212, 20006),
(424, '1', 212, 20048),
(425, '1', 213, 20039),
(426, '0', 213, 20009),
(427, '2', 214, 20035),
(428, '1', 214, 20033),
(429, '3', 215, 20024),
(430, '1', 215, 20045),
(431, '2', 216, 20042),
(432, '2', 216, 20029),
(433, '0', 217, 20025),
(434, '3', 217, 20023),
(435, '0', 218, 20034),
(436, '1', 218, 20008),
(437, '3', 219, 20015),
(438, '2', 219, 20026),
(439, '2', 220, 20030),
(440, '1', 220, 20017),
(441, '0', 221, 20015),
(442, '3', 221, 20015),
(443, '2', 222, 20032),
(444, '0', 222, 20043),
(445, '1', 223, 20018),
(446, '3', 223, 20005),
(447, '3', 224, 20046),
(448, '3', 224, 20039),
(449, '0', 225, 20025),
(450, '3', 225, 20003),
(451, '3', 226, 20042),
(452, '0', 226, 20026),
(453, '0', 227, 20023),
(454, '2', 227, 20009),
(455, '3', 228, 20034),
(456, '2', 228, 20028),
(457, '1', 229, 20018),
(458, '0', 229, 20021),
(459, '2', 230, 20035),
(460, '3', 230, 20013),
(461, '1', 231, 20002),
(462, '1', 231, 20020),
(463, '0', 232, 20004),
(464, '0', 232, 20024),
(465, '1', 233, 20032),
(466, '3', 233, 20019),
(467, '1', 234, 20040),
(468, '3', 234, 20020),
(469, '2', 235, 20026),
(470, '0', 235, 20043),
(471, '1', 236, 20015),
(472, '2', 236, 20032),
(473, '3', 237, 20036),
(474, '0', 237, 20027),
(475, '0', 238, 20029),
(476, '0', 238, 20022),
(477, '2', 239, 20045),
(478, '1', 239, 20036),
(479, '2', 240, 20013),
(480, '1', 240, 20043),
(481, '0', 241, 20009),
(482, '1', 241, 20012),
(483, '1', 242, 20043),
(484, '0', 242, 20049),
(485, '2', 243, 20001),
(486, '1', 243, 20038),
(487, '3', 244, 20041),
(488, '2', 244, 20014),
(489, '0', 245, 20019),
(490, '1', 245, 20048),
(491, '3', 246, 20035),
(492, '1', 246, 20019),
(493, '0', 247, 20003),
(494, '1', 247, 20018),
(495, '3', 248, 20012),
(496, '1', 248, 20045),
(497, '2', 249, 20013),
(498, '0', 249, 20041),
(499, '3', 250, 20021),
(500, '0', 250, 20019),
(501, '2', 251, 20003),
(502, '1', 251, 20003),
(503, '0', 252, 20023),
(504, '1', 252, 20032),
(505, '2', 253, 20011),
(506, '3', 253, 20018),
(507, '3', 254, 20005),
(508, '3', 254, 20013),
(509, '0', 255, 20035),
(510, '0', 255, 20031),
(511, '1', 256, 20036),
(512, '3', 256, 20011),
(513, '0', 257, 20049),
(514, '0', 257, 20020),
(515, '0', 258, 20015),
(516, '2', 258, 20024),
(517, '3', 259, 20016),
(518, '1', 259, 20017),
(519, '0', 260, 20043),
(520, '1', 260, 20012),
(521, '0', 261, 20028),
(522, '1', 261, 20022),
(523, '1', 262, 20002),
(524, '2', 262, 20029),
(525, '1', 263, 20043),
(526, '1', 263, 20033),
(527, '1', 264, 20017),
(528, '1', 264, 20027),
(529, '0', 265, 20016),
(530, '0', 265, 20046),
(531, '1', 266, 20002),
(532, '1', 266, 20010),
(533, '2', 267, 20046),
(534, '3', 267, 20008),
(535, '3', 268, 20022),
(536, '3', 268, 20008),
(537, '2', 269, 20040),
(538, '3', 269, 20010),
(539, '1', 270, 20038),
(540, '2', 270, 20016),
(541, '0', 271, 20007),
(542, '3', 271, 20027),
(543, '3', 272, 20036),
(544, '0', 272, 20029),
(545, '0', 273, 20002),
(546, '1', 273, 20046),
(547, '0', 274, 20032),
(548, '1', 274, 20006),
(549, '2', 275, 20019),
(550, '3', 275, 20042),
(551, '1', 276, 20021),
(552, '3', 276, 20005),
(553, '3', 277, 20031),
(554, '1', 277, 20039),
(555, '2', 278, 20009),
(556, '0', 278, 20004),
(557, '0', 279, 20047),
(558, '1', 279, 20037),
(559, '1', 280, 20038),
(560, '0', 280, 20039),
(561, '3', 281, 20041),
(562, '0', 281, 20040),
(563, '1', 282, 20041),
(564, '3', 282, 20028),
(565, '2', 283, 20028),
(566, '2', 283, 20025),
(567, '1', 284, 20024),
(568, '0', 284, 20021),
(569, '1', 285, 20035),
(570, '0', 285, 20013),
(571, '2', 286, 20017),
(572, '2', 286, 20022),
(573, '2', 287, 20009),
(574, '1', 287, 20015),
(575, '2', 288, 20009),
(576, '1', 288, 20049),
(577, '0', 289, 20038),
(578, '3', 289, 20028),
(579, '1', 290, 20006),
(580, '2', 290, 20024),
(581, '2', 291, 20011),
(582, '2', 291, 20021),
(583, '1', 292, 20010),
(584, '2', 292, 20027),
(585, '1', 293, 20007),
(586, '1', 293, 20002),
(587, '0', 294, 20046),
(588, '1', 294, 20021),
(589, '3', 295, 20039),
(590, '2', 295, 20015),
(591, '1', 296, 20047),
(592, '0', 296, 20001),
(593, '3', 297, 20014),
(594, '1', 297, 20044),
(595, '1', 298, 20031),
(596, '1', 298, 20036),
(597, '1', 299, 20008),
(598, '0', 299, 20015),
(599, '2', 300, 20019),
(600, '0', 300, 20027),
(601, '0', 301, 20021),
(602, '0', 301, 20022),
(603, '1', 302, 20048),
(604, '0', 302, 20004),
(605, '3', 303, 20005),
(606, '0', 303, 20021),
(607, '0', 304, 20046),
(608, '2', 304, 20007),
(609, '3', 305, 20006),
(610, '0', 305, 20033),
(611, '2', 306, 20043),
(612, '2', 306, 20048),
(613, '2', 307, 20011),
(614, '2', 307, 20008),
(615, '1', 308, 20040),
(616, '0', 308, 20025),
(617, '1', 309, 20034),
(618, '0', 309, 20042),
(619, '2', 310, 20022),
(620, '3', 310, 20010),
(621, '3', 311, 20016),
(622, '0', 311, 20003),
(623, '3', 312, 20026),
(624, '2', 312, 20039),
(625, '0', 313, 20038),
(626, '2', 313, 20042),
(627, '2', 314, 20040),
(628, '3', 314, 20005),
(629, '0', 315, 20026),
(630, '1', 315, 20049),
(631, '3', 316, 20011),
(632, '0', 316, 20025),
(633, '1', 317, 20031),
(634, '1', 317, 20031),
(635, '0', 318, 20049),
(636, '3', 318, 20023),
(637, '3', 319, 20028),
(638, '3', 319, 20034),
(639, '2', 320, 20024),
(640, '1', 320, 20019),
(641, '3', 321, 20037),
(642, '1', 321, 20017),
(643, '3', 322, 20004),
(644, '3', 322, 20014),
(645, '1', 323, 20048),
(646, '1', 323, 20018),
(647, '0', 324, 20037),
(648, '3', 324, 20049),
(649, '2', 325, 20022),
(650, '1', 325, 20030),
(651, '0', 326, 20044),
(652, '1', 326, 20041),
(653, '0', 327, 20008),
(654, '2', 327, 20031),
(655, '0', 328, 20022),
(656, '1', 328, 20037),
(657, '0', 329, 20038),
(658, '3', 329, 20044),
(659, '3', 330, 20048),
(660, '0', 330, 20032),
(661, '3', 331, 20008),
(662, '2', 331, 20037),
(663, '3', 332, 20007),
(664, '1', 332, 20049),
(665, '1', 333, 20018),
(666, '2', 333, 20022),
(667, '0', 334, 20024),
(668, '1', 334, 20004),
(669, '3', 335, 20014),
(670, '3', 335, 20032),
(671, '3', 336, 20036),
(672, '1', 336, 20036),
(673, '1', 337, 20018),
(674, '0', 337, 20035),
(675, '2', 338, 20029),
(676, '0', 338, 20027),
(677, '1', 339, 20047),
(678, '2', 339, 20010),
(679, '3', 340, 20038),
(680, '3', 340, 20002),
(681, '0', 341, 20037),
(682, '3', 341, 20028),
(683, '0', 342, 20009),
(684, '3', 342, 20025),
(685, '0', 343, 20033),
(686, '0', 343, 20044),
(687, '3', 344, 20041),
(688, '0', 344, 20033),
(689, '1', 345, 20010),
(690, '2', 345, 20041),
(691, '3', 346, 20028),
(692, '1', 346, 20014),
(693, '1', 347, 20047),
(694, '0', 347, 20035),
(695, '3', 348, 20020),
(696, '0', 348, 20004),
(697, '2', 349, 20029),
(698, '3', 349, 20014),
(699, '1', 350, 20008),
(700, '1', 350, 20002),
(701, '2', 351, 20032),
(702, '1', 351, 20014),
(703, '1', 352, 20025),
(704, '0', 352, 20016),
(705, '0', 353, 20009),
(706, '1', 353, 20001),
(707, '3', 354, 20045),
(708, '2', 354, 20041),
(709, '2', 355, 20032),
(710, '3', 355, 20001),
(711, '1', 356, 20024),
(712, '3', 356, 20003),
(713, '2', 357, 20017),
(714, '1', 357, 20034),
(715, '1', 358, 20021),
(716, '1', 358, 20042),
(717, '2', 359, 20042),
(718, '3', 359, 20036),
(719, '2', 360, 20035),
(720, '0', 360, 20047),
(721, '3', 361, 20033),
(722, '3', 361, 20006),
(723, '3', 362, 20003),
(724, '0', 362, 20015),
(725, '0', 363, 20048),
(726, '1', 363, 20008),
(727, '2', 364, 20020),
(728, '2', 364, 20003),
(729, '1', 365, 20020),
(730, '0', 365, 20031),
(731, '1', 366, 20032),
(732, '2', 366, 20040),
(733, '3', 367, 20014),
(734, '0', 367, 20018),
(735, '0', 368, 20032),
(736, '0', 368, 20037),
(737, '3', 369, 20029),
(738, '3', 369, 20014),
(739, '0', 370, 20023),
(740, '0', 370, 20007),
(741, '1', 371, 20023),
(742, '2', 371, 20003),
(743, '3', 372, 20016),
(744, '3', 372, 20044),
(745, '3', 373, 20010),
(746, '1', 373, 20044),
(747, '2', 374, 20038),
(748, '0', 374, 20044),
(749, '1', 375, 20014),
(750, '1', 375, 20046),
(751, '1', 376, 20014),
(752, '1', 376, 20014),
(753, '1', 377, 20038),
(754, '1', 377, 20007),
(755, '0', 378, 20044),
(756, '0', 378, 20008),
(757, '0', 379, 20045),
(758, '3', 379, 20032),
(759, '3', 380, 20006),
(760, '2', 380, 20030),
(761, '1', 381, 20024),
(762, '2', 381, 20031),
(763, '2', 382, 20037),
(764, '2', 382, 20021),
(765, '2', 383, 20032),
(766, '3', 383, 20034),
(767, '2', 384, 20028),
(768, '3', 384, 20007),
(769, '2', 385, 20021),
(770, '1', 385, 20042),
(771, '2', 386, 20004),
(772, '3', 386, 20020),
(773, '2', 387, 20007),
(774, '1', 387, 20047),
(775, '3', 388, 20008),
(776, '1', 388, 20002),
(777, '1', 389, 20004),
(778, '2', 389, 20017),
(779, '2', 390, 20026),
(780, '1', 390, 20016),
(781, '2', 391, 20026),
(782, '2', 391, 20037),
(783, '0', 392, 20028),
(784, '1', 392, 20045),
(785, '3', 393, 20040),
(786, '3', 393, 20004),
(787, '0', 394, 20043),
(788, '3', 394, 20007),
(789, '0', 395, 20003),
(790, '1', 395, 20001),
(791, '1', 396, 20039),
(792, '0', 396, 20044),
(793, '1', 397, 20016),
(794, '0', 397, 20036),
(795, '2', 398, 20038),
(796, '1', 398, 20006),
(797, '2', 399, 20043),
(798, '0', 399, 20024),
(799, '0', 400, 20019),
(800, '0', 400, 20031),
(801, '3', 401, 20018),
(802, '1', 401, 20016),
(803, '2', 402, 20034),
(804, '3', 402, 20039),
(805, '3', 403, 20020),
(806, '0', 403, 20012),
(807, '3', 404, 20028),
(808, '1', 404, 20011),
(809, '0', 405, 20041),
(810, '3', 405, 20011),
(811, '2', 406, 20041),
(812, '3', 406, 20005),
(813, '0', 407, 20015),
(814, '0', 407, 20037),
(815, '0', 408, 20042),
(816, '1', 408, 20048),
(817, '1', 409, 20025),
(818, '1', 409, 20023),
(819, '0', 410, 20027),
(820, '3', 410, 20034),
(821, '1', 411, 20007),
(822, '2', 411, 20022),
(823, '0', 412, 20010),
(824, '0', 412, 20018),
(825, '2', 413, 20045),
(826, '3', 413, 20023),
(827, '0', 414, 20008),
(828, '2', 414, 20045),
(829, '3', 415, 20023),
(830, '1', 415, 20048),
(831, '2', 416, 20033),
(832, '3', 416, 20009),
(833, '0', 417, 20022),
(834, '0', 417, 20006),
(835, '2', 418, 20042),
(836, '2', 418, 20005),
(837, '2', 419, 20015),
(838, '1', 419, 20047),
(839, '2', 420, 20011),
(840, '0', 420, 20002),
(841, '0', 421, 20036),
(842, '2', 421, 20017),
(843, '0', 422, 20019),
(844, '3', 422, 20004),
(845, '1', 423, 20030),
(846, '3', 423, 20034),
(847, '2', 424, 20010),
(848, '2', 424, 20025),
(849, '2', 425, 20041),
(850, '2', 425, 20017),
(851, '0', 426, 20001),
(852, '3', 426, 20008),
(853, '0', 427, 20038),
(854, '1', 427, 20036),
(855, '2', 428, 20024),
(856, '0', 428, 20001),
(857, '1', 429, 20045),
(858, '2', 429, 20048),
(859, '0', 430, 20031),
(860, '3', 430, 20011),
(861, '0', 431, 20028),
(862, '2', 431, 20009),
(863, '3', 432, 20012),
(864, '3', 432, 20014),
(865, '2', 433, 20049),
(866, '2', 433, 20021),
(867, '2', 434, 20044),
(868, '3', 434, 20013),
(869, '0', 435, 20039),
(870, '1', 435, 20022),
(871, '3', 436, 20045),
(872, '1', 436, 20030),
(873, '1', 437, 20024),
(874, '0', 437, 20043),
(875, '0', 438, 20031),
(876, '3', 438, 20049),
(877, '0', 439, 20024),
(878, '0', 439, 20006),
(879, '0', 440, 20006),
(880, '0', 440, 20032),
(881, '2', 441, 20029),
(882, '1', 441, 20029),
(883, '2', 442, 20018),
(884, '1', 442, 20045),
(885, '0', 443, 20040),
(886, '3', 443, 20019),
(887, '3', 444, 20048),
(888, '0', 444, 20021),
(889, '2', 445, 20021),
(890, '2', 445, 20004),
(891, '0', 446, 20032),
(892, '1', 446, 20044),
(893, '0', 447, 20001),
(894, '3', 447, 20038),
(895, '0', 448, 20003),
(896, '1', 448, 20009),
(897, '2', 449, 20005),
(898, '0', 449, 20047),
(899, '1', 450, 20032),
(900, '2', 450, 20035);

-- --------------------------------------------------------

--
-- Table structure for table `kelas`
--

--
-- Dumping data for table `kelas`
--

INSERT INTO `kelas` (`id_kelas`, `nama_kelas`, `tingkat`) VALUES
('7a', '7A', '7'),
('7b', '7B', '7'),
('7c', '7C', '7'),
('8a', '8A', '8'),
('8b', '8B', '8'),
('8c', '8C', '8'),
('9a', '9A', '9'),
('9b', '9B', '9');

-- --------------------------------------------------------

--
-- Table structure for table `keterangan`
--

--
-- Dumping data for table `keterangan`
--

INSERT INTO `keterangan` (`id_keterangan`, `keterangan`) VALUES
('0', 'Alpa'),
('1', 'hadir'),
('2', 'izin'),
('3', 'sakit');

-- --------------------------------------------------------

--
-- Table structure for table `mapel`
--

--
-- Dumping data for table `mapel`
--

INSERT INTO `mapel` (`id_mapel`, `nama_mapel`) VALUES
('BI', 'bahasa indonesia'),
('ENG', 'Bahasa Inggris'),
('IPA', 'Ilmu Pengetahuan Alam'),
('IPS', 'Ilmu Pengetuhan Sosial'),
('MTK', 'Matematika');

-- --------------------------------------------------------

--
-- Table structure for table `pembagian_kelas`
--

--
-- Dumping data for table `pembagian_kelas`
--

INSERT INTO `pembagian_kelas` (`id_pembagian`, `tanggal`, `nis`, `id_kelas`, `id_tahun_akademik`, `nip`) VALUES
(2, '2020-07-01', 20004, '7c', '1', '198208202020042002'),
(3, '2021-07-01', 20001, '9a', '3', '198502152020042003'),
(4, '2019-07-01', 20002, '7a', '1', '198411102020041004'),
(5, '2020-07-01', 20002, '8a', '2', '198304072020042005'),
(6, '2021-07-01', 20002, '9a', '3', '197901172020041006'),
(7, '2019-07-01', 20003, '7a', '1', '198606052020041007'),
(8, '2020-07-01', 20003, '8a', '2', '199012302020042008'),
(9, '2021-07-01', 20003, '9a', '3', '198005122020041001'),
(10, '2019-07-01', 20004, '7a', '1', '198208202020042002'),
(11, '2020-07-01', 20004, '8a', '2', '198502152020042003'),
(12, '2021-07-01', 20004, '9a', '3', '198411102020041004'),
(13, '2019-07-01', 20005, '7a', '1', '198304072020042005'),
(14, '2020-07-01', 20005, '8a', '2', '197901172020041006'),
(15, '2021-07-01', 20005, '9a', '3', '198606052020041007'),
(16, '2019-07-01', 20006, '7a', '1', '199012302020042008'),
(17, '2020-07-01', 20006, '8a', '2', '198005122020041001'),
(18, '2021-07-01', 20006, '9a', '3', '198208202020042002'),
(19, '2019-07-01', 20007, '7a', '1', '198502152020042003'),
(20, '2020-07-01', 20007, '8a', '2', '198411102020041004'),
(21, '2021-07-01', 20007, '9a', '3', '198304072020042005'),
(22, '2019-07-01', 20008, '7a', '1', '197901172020041006'),
(23, '2020-07-01', 20008, '8a', '2', '198606052020041007'),
(24, '2021-07-01', 20008, '9a', '3', '199012302020042008'),
(25, '2019-07-01', 20009, '7a', '1', '198005122020041001'),
(26, '2020-07-01', 20009, '8a', '2', '198208202020042002'),
(27, '2021-07-01', 20009, '9a', '3', '198502152020042003'),
(28, '2019-07-01', 20010, '7a', '1', '198411102020041004'),
(29, '2020-07-01', 20010, '8a', '2', '198304072020042005'),
(30, '2021-07-01', 20010, '9a', '3', '197901172020041006'),
(31, '2019-07-01', 20011, '7a', '1', '198606052020041007'),
(32, '2020-07-01', 20011, '8a', '2', '199012302020042008'),
(33, '2021-07-01', 20011, '9a', '3', '198005122020041001'),
(34, '2019-07-01', 20012, '7a', '1', '198208202020042002'),
(35, '2020-07-01', 20012, '8a', '2', '198502152020042003'),
(36, '2021-07-01', 20012, '9a', '3', '198411102020041004'),
(37, '2019-07-01', 20013, '7a', '1', '198304072020042005'),
(38, '2020-07-01', 20013, '8a', '2', '197901172020041006'),
(39, '2021-07-01', 20013, '9a', '3', '198606052020041007'),
(40, '2019-07-01', 20014, '7a', '1', '199012302020042008'),
(41, '2020-07-01', 20014, '8a', '2', '198005122020041001'),
(42, '2021-07-01', 20014, '9a', '3', '198208202020042002'),
(43, '2019-07-01', 20015, '7a', '1', '198502152020042003'),
(44, '2020-07-01', 20015, '8a', '2', '198411102020041004'),
(45, '2021-07-01', 20015, '9a', '3', '198304072020042005'),
(46, '2019-07-01', 20016, '7a', '1', '197901172020041006'),
(47, '2020-07-01', 20016, '8a', '2', '198606052020041007'),
(48, '2021-07-01', 20016, '9a', '3', '199012302020042008'),
(49, '2019-07-01', 20017, '7a', '1', '198005122020041001'),
(50, '2020-07-01', 20017, '8a', '2', '198208202020042002'),
(51, '2021-07-01', 20017, '9a', '3', '198502152020042003'),
(52, '2019-07-01', 20018, '7a', '1', '198411102020041004'),
(53, '2020-07-01', 20018, '8a', '2', '198304072020042005'),
(54, '2021-07-01', 20018, '9a', '3', '197901172020041006'),
(55, '2019-07-01', 20019, '7a', '1', '198606052020041007'),
(56, '2020-07-01', 20019, '8a', '2', '199012302020042008'),
(57, '2021-07-01', 20019, '9a', '3', '198005122020041001'),
(58, '2019-07-01', 20020, '7a', '1', '198208202020042002'),
(59, '2020-07-01', 20020, '8a', '2', '198502152020042003'),
(60, '2021-07-01', 20020, '9a', '3', '198411102020041004'),
(61, '2019-07-01', 20021, '7a', '1', '198304072020042005'),
(62, '2020-07-01', 20021, '8a', '2', '197901172020041006'),
(63, '2021-07-01', 20021, '9a', '3', '198606052020041007'),
(64, '2019-07-01', 20022, '7a', '1', '199012302020042008'),
(65, '2020-07-01', 20022, '8a', '2', '198005122020041001'),
(66, '2021-07-01', 20022, '9a', '3', '198208202020042002'),
(67, '2019-07-01', 20023, '7a', '1', '198502152020042003'),
(68, '2020-07-01', 20023, '8a', '2', '198411102020041004'),
(69, '2021-07-01', 20023, '9a', '3', '198304072020042005'),
(70, '2019-07-01', 20024, '7a', '1', '197901172020041006'),
(71, '2020-07-01', 20024, '8a', '2', '198606052020041007'),
(72, '2021-07-01', 20024, '9a', '3', '199012302020042008'),
(73, '2019-07-01', 20025, '7a', '1', '198005122020041001'),
(74, '2020-07-01', 20025, '8a', '2', '198208202020042002'),
(75, '2021-07-01', 20025, '9a', '3', '198502152020042003'),
(76, '2019-07-01', 20026, '7a', '1', '198411102020041004'),
(77, '2020-07-01', 20026, '8a', '2', '198304072020042005'),
(78, '2021-07-01', 20026, '9a', '3', '197901172020041006'),
(79, '2019-07-01', 20027, '7a', '1', '198606052020041007'),
(80, '2020-07-01', 20027, '8a', '2', '199012302020042008'),
(81, '2021-07-01', 20027, '9a', '3', '198005122020041001'),
(82, '2019-07-01', 20028, '7a', '1', '198208202020042002'),
(83, '2020-07-01', 20028, '8a', '2', '198502152020042003'),
(84, '2021-07-01', 20028, '9a', '3', '198411102020041004'),
(85, '2019-07-01', 20029, '7a', '1', '198304072020042005'),
(86, '2020-07-01', 20029, '8a', '2', '197901172020041006'),
(87, '2021-07-01', 20029, '9a', '3', '198606052020041007'),
(88, '2019-07-01', 20030, '7a', '1', '199012302020042008'),
(89, '2020-07-01', 20030, '8a', '2', '198005122020041001'),
(90, '2021-07-01', 20030, '9a', '3', '198208202020042002'),
(91, '2019-07-01', 20031, '7a', '1', '198502152020042003'),
(92, '2020-07-01', 20031, '8a', '2', '198411102020041004'),
(93, '2021-07-01', 20031, '9a', '3', '198304072020042005'),
(94, '2019-07-01', 20032, '7a', '1', '197901172020041006'),
(95, '2020-07-01', 20032, '8a', '2', '198606052020041007'),
(96, '2021-07-01', 20032, '9a', '3', '199012302020042008'),
(97, '2019-07-01', 20033, '7a', '1', '198005122020041001'),
(98, '2020-07-01', 20033, '8a', '2', '198208202020042002'),
(99, '2021-07-01', 20033, '9a', '3', '198502152020042003'),
(100, '2019-07-01', 20034, '7a', '1', '198411102020041004'),
(101, '2020-07-01', 20034, '8a', '2', '198304072020042005'),
(102, '2021-07-01', 20034, '9a', '3', '197901172020041006'),
(103, '2019-07-01', 20035, '7a', '1', '198606052020041007'),
(104, '2020-07-01', 20035, '8a', '2', '199012302020042008'),
(105, '2021-07-01', 20035, '9a', '3', '198005122020041001'),
(106, '2019-07-01', 20036, '7a', '1', '198208202020042002'),
(107, '2020-07-01', 20036, '8a', '2', '198502152020042003'),
(108, '2021-07-01', 20036, '9a', '3', '198411102020041004'),
(109, '2019-07-01', 20037, '7a', '1', '198304072020042005'),
(110, '2020-07-01', 20037, '8a', '2', '197901172020041006'),
(111, '2021-07-01', 20037, '9a', '3', '198606052020041007'),
(112, '2019-07-01', 20038, '7a', '1', '199012302020042008'),
(113, '2020-07-01', 20038, '8a', '2', '198005122020041001'),
(114, '2021-07-01', 20038, '9a', '3', '198208202020042002'),
(115, '2019-07-01', 20039, '7a', '1', '198502152020042003'),
(116, '2020-07-01', 20039, '8a', '2', '198411102020041004'),
(117, '2021-07-01', 20039, '9a', '3', '198304072020042005'),
(118, '2019-07-01', 20040, '7a', '1', '197901172020041006'),
(119, '2020-07-01', 20040, '8a', '2', '198606052020041007'),
(120, '2021-07-01', 20040, '9a', '3', '199012302020042008'),
(121, '2019-07-01', 20041, '7a', '1', '198005122020041001'),
(122, '2020-07-01', 20041, '8a', '2', '198208202020042002'),
(123, '2021-07-01', 20041, '9a', '3', '198502152020042003'),
(124, '2019-07-01', 20042, '7a', '1', '198411102020041004'),
(125, '2020-07-01', 20042, '8a', '2', '198304072020042005'),
(126, '2021-07-01', 20042, '9a', '3', '197901172020041006'),
(127, '2019-07-01', 20043, '7a', '1', '198606052020041007'),
(128, '2020-07-01', 20043, '8a', '2', '199012302020042008'),
(129, '2021-07-01', 20043, '9a', '3', '198005122020041001'),
(130, '2019-07-01', 20044, '7a', '1', '198208202020042002'),
(131, '2020-07-01', 20044, '8a', '2', '198502152020042003'),
(132, '2021-07-01', 20044, '9a', '3', '198411102020041004'),
(133, '2019-07-01', 20045, '7a', '1', '198304072020042005'),
(134, '2020-07-01', 20045, '8a', '2', '197901172020041006'),
(135, '2021-07-01', 20045, '9a', '3', '198606052020041007'),
(136, '2019-07-01', 20046, '7a', '1', '199012302020042008'),
(137, '2020-07-01', 20046, '8a', '2', '198005122020041001'),
(138, '2021-07-01', 20046, '9a', '3', '198208202020042002'),
(139, '2019-07-01', 20047, '7a', '1', '198502152020042003'),
(140, '2020-07-01', 20047, '8a', '2', '198411102020041004'),
(141, '2021-07-01', 20047, '9a', '3', '198304072020042005'),
(142, '2019-07-01', 20048, '7a', '1', '197901172020041006'),
(143, '2020-07-01', 20048, '8a', '2', '198606052020041007'),
(144, '2021-07-01', 20048, '9a', '3', '199012302020042008'),
(145, '2019-07-01', 20049, '7a', '1', '198005122020041001'),
(146, '2020-07-01', 20049, '8a', '2', '198208202020042002'),
(147, '2021-07-01', 20049, '9a', '3', '198502152020042003'),
(148, '2019-07-01', 20050, '7a', '1', '198411102020041004'),
(149, '2020-07-01', 20050, '8a', '2', '198304072020042005'),
(150, '2021-07-01', 20050, '9a', '3', '197901172020041006'),
(151, '2025-06-06', 20002, '8a', '3', '198502152020042003');

-- --------------------------------------------------------

--
-- Table structure for table `role`
--

--
-- Dumping data for table `role`
--

INSERT INTO `role` (`id`, `name`) VALUES
(1, 'admin'),
(2, 'guru'),
(3, 'murid');

-- --------------------------------------------------------

--
-- Table structure for table `semester`
--

--
-- Dumping data for table `semester`
--

INSERT INTO `semester` (`id_semester`, `semester`) VALUES
('0', 'genap'),
('1', 'ganjil');

-- --------------------------------------------------------

--
-- Table structure for table `siswa`
--

--
-- Dumping data for table `siswa`
--

INSERT INTO `siswa` (`nis`, `nisn`, `nama`, `id_gender`, `tempat_lahir`, `tanggal_lahir`, `alamat`, `no_hp`, `email`, `nama_ayah`, `nama_ibu`, `penghasilan_ayah`, `penghasilan_ibu`, `asal_sekolah`, `id_status`) VALUES
(20001, '99000001', 'Salman Alfaridzi', 'L', 'Tegal', '2004-05-02', 'balamoa', '08997635673', 'man@gmail.com', 'jokowi', 'kartini', 5000000, 5000000, 'sd balamoa 2', '0'),
(20002, '99000002', 'Ulya Kuswandari', 'L', 'Sorong', '2010-05-04', 'Gg. Monginsidi No. 707, Kupang, BB 73648', '083534174743', 'ulyakuswandarispt0@mail.com', 'Raihan', 'Tari', 5349707, 5567012, 'SDN 46 Tebingtinggi', '1'),
(20003, '99000003', 'Rina Tampubolon', 'P', 'Pagaralam', '2009-04-07', 'Gg. Raya Ujungberung No. 702, Langsa, YO 86622', '081751969992', 'rinatampubolon1@mail.com', 'Rafi', 'Uli', 3903607, 3624521, 'SDN 11 Kota Administrasi Jakar', '1'),
(20004, '99000004', 'Kanda Pradana', 'L', 'Pekanbaru', '2009-07-23', 'Jl. Otto Iskandardinata No. 64, Jayapura, Nusa Tenggara Barat 24069', '086137536812', 'kandapradana2@mail.com', 'Wira', 'Winda', 3022701, 4820059, 'SDN 43 Kota Administrasi Jakar', '1'),
(20005, '99000005', 'Edison Gunawan', 'P', 'Tegal', '2009-08-10', 'Jl. Ahmad Yani No. 8, Magelang, KI 93406', '083919082822', 'edisongunawan3@mail.com', 'Ikin', 'Farhunnisa', 6848812, 4659764, 'SDN 50 Tarakan', '1'),
(20006, '99000006', 'Chelsea Prayoga', 'L', 'Cirebon', '2009-01-29', 'Gang S. Parman No. 12, Pangkalpinang, JI 39077', '088020423937', 'chelseaprayoga4@mail.com', 'Marsito', 'Paris', 4297256, 4545479, 'SDN 7 Makassar', '1'),
(20007, '99000007', 'Wage Prasetyo', 'P', 'Bitung', '2008-07-24', 'Jalan Rajawali Timur No. 6, Tangerang, SB 09260', '084806497890', 'wageprasetyost5@mail.com', 'Garan', 'Jessica', 4155649, 4722682, 'SDN 32 Yogyakarta', '1'),
(20008, '99000008', 'Lantar Saputra', 'L', 'Ambon', '2010-07-03', 'Gang Pacuan Kuda No. 27, Pangkalpinang, DI Yogyakarta 80001', '085431568664', 'lantarsaputramkom6@mail.com', 'Kemba', 'Eka', 5406403, 2407788, 'SDN 34 Singkawang', '1'),
(20009, '99000009', 'Usman Nuraini', 'P', 'Kota Administrasi Ja', '2009-09-25', 'Gang BKR No. 5, Semarang, Nusa Tenggara Timur 35573', '084492532959', 'usmannuraini7@mail.com', 'Marsito', 'Lala', 6785452, 3920845, 'SDN 28 Padang Sidempuan', '1'),
(20010, '99000010', 'Jagapati Agustina', 'L', 'Binjai', '2010-06-17', 'Jalan Medokan Ayu No. 7, Sibolga, Sumatera Selatan 37647', '083527763960', 'jagapatiagustinamfarm8@mail.co', 'Arta', 'Uli', 6918907, 5166908, 'SDN 35 Tegal', '1'),
(20011, '99000011', 'Cinta Kuswandari', 'P', 'Mataram', '2009-05-28', 'Jl. Rajawali Timur No. 453, Sibolga, Bali 24175', '088089610534', 'cintakuswandari9@mail.com', 'Dimaz', 'Zalindra', 6569985, 4664886, 'SDN 19 Pekanbaru', '1'),
(20012, '99000012', 'Kartika Riyanti', 'L', 'Denpasar', '2009-09-27', 'Gg. Cikutra Timur No. 062, Bau-Bau, DI Yogyakarta 45334', '084536944192', 'kartikariyanti10@mail.com', 'Cengkir', 'Kasiyah', 4990166, 5038262, 'SDN 21 Sorong', '1'),
(20013, '99000013', 'Raisa Widodo', 'P', 'Tangerang Selatan', '2010-08-15', 'Gang Cempaka No. 30, Solok, PA 37783', '081396397510', 'raisawidodo11@mail.com', 'Pangeran', 'Yunita', 4705423, 3508738, 'SDN 22 Banjarbaru', '1'),
(20014, '99000014', 'Galuh Situmorang', 'L', 'Semarang', '2010-10-26', 'Jl. Sentot Alibasa No. 2, Kota Administrasi Jakarta Timur, Nusa Tenggara Barat 01193', '082545816729', 'galuhsitumorang12@mail.com', 'Embuh', 'Samiah', 3449626, 3052411, 'SDN 26 Padang', '1'),
(20015, '99000015', 'Martana Saragih', 'P', 'Tebingtinggi', '2010-07-26', 'Gg. Surapati No. 98, Sukabumi, AC 29998', '088936399887', 'martanasaragih13@mail.com', 'Eman', 'Lala', 3966083, 3473204, 'SDN 31 Manado', '1'),
(20016, '99000016', 'Rangga Winarsih', 'L', 'Meulaboh', '2009-01-17', 'Gg. Dipatiukur No. 39, Bandar Lampung, JK 19942', '084529282125', 'ranggawinarsih14@mail.com', 'Galih', 'Patricia', 6837478, 2691268, 'SDN 3 Probolinggo', '1'),
(20017, '99000017', 'Zizi Mulyani', 'P', 'Pangkalpinang', '2011-04-24', 'Gang Moch. Ramdan No. 46, Palopo, Banten 52629', '081214313519', 'gzizimulyanimti15@mail.com', 'Kardi', 'Yuni', 4206936, 2350061, 'SDN 10 Sabang', '1'),
(20018, '99000018', 'Laksana Pradana', 'L', 'Magelang', '2010-08-25', 'Jalan Gegerkalong Hilir No. 9, Langsa, Kalimantan Selatan 92221', '086693897872', 'laksanapradana16@mail.com', 'Salman', 'Victoria', 5416154, 2789512, 'SDN 48 Semarang', '1'),
(20019, '99000019', 'Latif Aniani', 'P', 'Kupang', '2010-08-19', 'Gg. Ahmad Dahlan No. 274, Tebingtinggi, KI 10573', '083307566250', 'khlatifaniani17@mail.com', 'Hartaka', 'Tania', 5005931, 2123075, 'SDN 18 Palopo', '1'),
(20020, '99000020', 'Kezia Wibisono', 'L', 'Bandung', '2008-08-19', 'Jl. Cihampelas No. 979, Pasuruan, Jawa Tengah 81784', '084814416361', 'keziawibisono18@mail.com', 'Bagya', 'Nabila', 5756761, 5657136, 'SDN 26 Prabumulih', '1'),
(20021, '99000021', 'Vanesa Kusumo', 'P', 'Sorong', '2008-10-30', 'Gg. Asia Afrika No. 26, Denpasar, Banten 49195', '084275504352', 'vanesakusumospsi19@mail.com', 'Opan', 'Kamila', 3917432, 2806700, 'SDN 37 Yogyakarta', '1'),
(20022, '99000022', 'Harsaya Marpaung', 'L', 'Balikpapan', '2009-04-16', 'Gang Veteran No. 310, Kotamobagu, Maluku Utara 66223', '088140977757', 'harsayamarpaung20@mail.com', 'Hasim', 'Tami', 3603660, 5251578, 'SDN 8 Binjai', '1'),
(20023, '99000023', 'Prayoga Winarno', 'P', 'Kota Administrasi Ja', '2010-07-11', 'Gg. Rawamangun No. 47, Banjarmasin, Gorontalo 35373', '082313505300', 'prayogawinarnosfarm21@mail.com', 'Latif', 'Salimah', 6077157, 2268842, 'SDN 42 Balikpapan', '1'),
(20024, '99000024', 'Safina Gunawan', 'L', 'Salatiga', '2009-10-23', 'Gg. Surapati No. 920, Bau-Bau, NT 48810', '084045189223', 'drssafinagunawan22@mail.com', 'Jagapati', 'Vera', 5088211, 3613787, 'SDN 13 Tangerang', '1'),
(20025, '99000025', 'Kartika Puspasari', 'P', 'Bima', '2009-12-29', 'Gg. Dipenogoro No. 78, Kota Administrasi Jakarta Barat, BB 88025', '088201317217', 'kartikapuspasari23@mail.com', 'Rahman', 'Raina', 5459873, 3163849, 'SDN 18 Kotamobagu', '1'),
(20026, '99000026', 'Garang Winarno', 'L', 'Pagaralam', '2009-05-06', 'Gang Asia Afrika No. 436, Bekasi, SU 63708', '084797990718', 'garangwinarno24@mail.com', 'Margana', 'Diana', 6161251, 4852569, 'SDN 27 Depok', '1'),
(20027, '99000027', 'Tasnim Iswahyudi', 'P', 'Tangerang', '2009-04-29', 'Jl. M.H Thamrin No. 35, Bukittinggi, Jawa Tengah 81492', '088616112822', 'tasnimiswahyudi25@mail.com', 'Darman', 'Maimunah', 4428355, 5684865, 'SDN 25 Langsa', '1'),
(20028, '99000028', 'Mariadi Kusumo', 'L', 'Tegal', '2008-09-09', 'Jl. Ciumbuleuit No. 1, Palopo, Sumatera Selatan 09139', '085585272500', 'mariadikusumo26@mail.com', 'Bagya', 'Gina', 5671742, 5070841, 'SDN 17 Kota Administrasi Jakar', '1'),
(20029, '99000029', 'Puput Jailani', 'P', 'Bandung', '2010-07-28', 'Jl. Ciumbuleuit No. 81, Kendari, Sulawesi Selatan 01776', '081953570877', 'drspuputjailani27@mail.com', 'Lasmono', 'Vera', 6185623, 3210179, 'SDN 10 Kota Administrasi Jakar', '1'),
(20030, '99000030', 'Cemani Natsir', 'L', 'Madiun', '2011-02-15', 'Gang Suniaraja No. 043, Solok, Sumatera Barat 49118', '083764336462', 'cemaninatsir28@mail.com', 'Adikara', 'Latika', 4349769, 3973582, 'SDN 24 Bima', '1'),
(20031, '99000031', 'Maida Narpati', 'P', 'Batu', '2009-04-22', 'Gang KH Amin Jasuta No. 341, Bandar Lampung, BA 55988', '083728872294', 'maidanarpati29@mail.com', 'Cahya', 'Sakura', 5867907, 3099792, 'SDN 36 Kediri', '1'),
(20032, '99000032', 'Vinsen Waluyo', 'L', 'Pagaralam', '2010-05-23', 'Jl. Kutai No. 5, Cimahi, BB 87970', '084027781699', 'vinsenwaluyo30@mail.com', 'Jagapati', 'Maida', 3160534, 2673410, 'SDN 41 Blitar', '1'),
(20033, '99000033', 'Jessica Narpati', 'P', 'Lubuklinggau', '2008-10-01', 'Jalan M.T Haryono No. 19, Purwokerto, YO 89753', '086160290319', 'cutjessicanarpatisip31@mail.co', 'Taswir', 'Vicky', 3513305, 3657289, 'SDN 26 Serang', '1'),
(20034, '99000034', 'Harto Mangunsong', 'L', 'Bandung', '2011-04-01', 'Jl. M.T Haryono No. 651, Ambon, SR 51360', '084502261055', 'hartomangunsong32@mail.com', 'Satya', 'Ika', 4635896, 5513288, 'SDN 5 Padang Sidempuan', '1'),
(20035, '99000035', 'Yani Hartati', 'P', 'Sawahlunto', '2009-10-01', 'Jl. K.H. Wahid Hasyim No. 59, Cimahi, Jawa Timur 64646', '087099346431', 'yanihartati33@mail.com', 'Caket', 'Titin', 3524314, 2928113, 'SDN 7 Bogor', '1'),
(20036, '99000036', 'Zizi Sirait', 'L', 'Bukittinggi', '2010-09-21', 'Jalan Jakarta No. 67, Gorontalo, JB 23386', '084366672746', 'zizisirait34@mail.com', 'Estiawan', 'Iriana', 6417459, 2536301, 'SDN 20 Tangerang', '1'),
(20037, '99000037', 'Sutan Lukita Dongoran', 'P', 'Samarinda', '2010-12-17', 'Gang Rungkut Industri No. 4, Bitung, Aceh 11987', '083662321406', 'sutanlukitadongoran35@mail.com', 'Irsad', 'Victoria', 5768375, 5754281, 'SDN 2 Tangerang Selatan', '1'),
(20038, '99000038', 'Harja Simanjuntak', 'L', 'Malang', '2009-12-12', 'Jalan Suryakencana No. 8, Bandar Lampung, ST 34605', '086216392279', 'harjasimanjuntak36@mail.com', 'Mujur', 'Gasti', 6454944, 2947373, 'SDN 23 Palopo', '1'),
(20039, '99000039', 'Hartana Wahyuni', 'P', 'Kendari', '2009-09-09', 'Jl. Medokan Ayu No. 4, Lhokseumawe, LA 31380', '085799067527', 'hartanawahyuni37@mail.com', 'Dimas', 'Samiah', 5928103, 3324317, 'SDN 13 Pasuruan', '1'),
(20040, '99000040', 'Cindy Anggriawan', 'L', 'Surakarta', '2008-08-04', 'Gang Raya Setiabudhi No. 6, Surakarta, JA 27887', '088805777574', 'cindyanggriawan38@mail.com', 'Balidin', 'Yulia', 5101001, 4202127, 'SDN 10 Kota Administrasi Jakar', '1'),
(20041, '99000041', 'Patricia Prayoga', 'P', 'Tangerang', '2008-06-20', 'Gg. Ir. H. Djuanda No. 03, Sawahlunto, JK 21119', '083206630419', 'patriciaprayoga39@mail.com', 'Kasusra', 'Eva', 6698862, 4788482, 'SDN 45 Palopo', '1'),
(20042, '99000042', 'Carla Irawan', 'L', 'Metro', '2008-12-31', 'Gg. Rajiman No. 6, Depok, NB 90732', '088404643169', 'carlairawan40@mail.com', 'Koko', 'Chelsea', 3006879, 5830031, 'SDN 25 Lubuklinggau', '1'),
(20043, '99000043', 'Gina Hutapea', 'P', 'Madiun', '2009-05-18', 'Gang Rajiman No. 066, Gorontalo, KS 57742', '089197887393', 'ginahutapea41@mail.com', 'Kajen', 'Ghaliyati', 4113120, 5555686, 'SDN 41 Samarinda', '1'),
(20044, '99000044', 'Ulva Wasita', 'L', 'Gorontalo', '2010-09-07', 'Jalan Kebonjati No. 891, Surabaya, DI Yogyakarta 56943', '089085211229', 'ulvawasita42@mail.com', 'Caraka', 'Cici', 5086070, 5086056, 'SDN 24 Denpasar', '1'),
(20045, '99000045', 'Suci Rajata', 'P', 'Metro', '2009-05-02', 'Jalan Raya Setiabudhi No. 23, Bandar Lampung, Sulawesi Selatan 37463', '081883952468', 'sucirajatamak43@mail.com', 'Cemani', 'Diah', 4788210, 3675811, 'SDN 3 Pariaman', '1'),
(20046, '99000046', 'Tri Sirait ', 'L', 'Madiun', '2008-11-21', 'Gang Jamika No. 5, Tidore Kepulauan, Kalimantan Utara 69645', '083629339450', 'trisiraitse44@mail.com', 'Manah', 'Jamalia', 3791988, 4871070, 'SDN 30 Ternate', '1'),
(20047, '99000047', 'Hari Mandala', 'P', 'Sabang', '2009-05-24', 'Gg. Ronggowarsito No. 50, Kota Administrasi Jakarta Timur, Jawa Tengah 97130', '089463858417', 'rharimandala45@mail.com', 'Taufan', 'Nabila', 6249401, 3514094, 'SDN 40 Tasikmalaya', '1'),
(20048, '99000048', 'Puti Wulan Kuswoyo', 'L', 'Yogyakarta', '2009-07-28', 'Jalan HOS. Cokroaminoto No. 8, Palu, YO 82011', '088480156629', 'putiwulankuswoyosei46@mail.com', 'Tirtayasa', 'Kayla', 6878563, 5807993, 'SDN 49 Jayapura', '1'),
(20049, '99000049', 'Upik Sihotang', 'P', 'Meulaboh', '2009-06-22', 'Gang Kendalsari No. 119, Tanjungbalai, JK 61131', '083979617784', 'upiksihotang47@mail.com', 'Bajragin', 'Salwa', 3515438, 5753624, 'SDN 43 Metro', '1'),
(20050, '99000050', 'Ayu Purnawati', 'L', 'Padangpanjang', '2009-07-14', 'Jalan Ciumbuleuit No. 2, Batam, KS 56258', '086540159636', 'irayupurnawati48@mail.com', 'Niyaga', 'Ratna', 3015723, 4656067, 'SDN 24 Jambi', '1');

-- --------------------------------------------------------

--
-- Table structure for table `status`
--

--
-- Dumping data for table `status`
--

INSERT INTO `status` (`id_status`, `status`) VALUES
('0', 'tidak aktif '),
('1', 'aktif');

-- --------------------------------------------------------

--
-- Table structure for table `tagihan`
-

--
-- Dumping data for table `tagihan`
--

INSERT INTO `tagihan` (`id_tagihan`, `user_email`, `semester`, `tahun_ajaran`, `deskripsi`, `total`, `created_at`) VALUES
(1, 'man@gmail.com', 'Genap', '2022/2023', 'pembayaran kemah', 100000, NULL),
(5, 'man@gmail.com', 'Ganjil', '2023/2024', 'Uang Ujian 2024/2025 Ganjil', 1, '2025-06-12 15:10:13'),
(6, 'ulyakuswandarispt0@mail.com', 'Ganjil', '2024/2025', 'SPP Bulanan - Juni 2024/2025 Ganjil', 9, '2025-06-12 15:10:13'),
(7, 'ulyakuswandarispt0@mail.com', 'Ganjil', '2024/2025', 'Uang Ujian 2024/2025 Ganjil', 1000000, '2025-06-12 15:10:13'),
(8, 'rinatampubolon1@mail.com', 'Ganjil', '2024/2025', 'SPP Bulanan - Juni 2024/2025 Ganjil', 10000, '2025-06-12 15:10:13'),
(9, 'rinatampubolon1@mail.com', 'Ganjil', '2024/2025', 'Uang Ujian 2024/2025 Ganjil', 1000000, '2025-06-12 15:10:13'),
(10, 'kandapradana2@mail.com', 'Ganjil', '2024/2025', 'SPP Bulanan - Juni 2024/2025 Ganjil', 10000, '2025-06-12 15:10:13'),
(11, 'kandapradana2@mail.com', 'Ganjil', '2024/2025', 'Uang Ujian 2024/2025 Ganjil', 1000000, '2025-06-12 15:10:13'),
(12, 'edisongunawan3@mail.com', 'Ganjil', '2024/2025', 'SPP Bulanan - Juni 2024/2025 Ganjil', 10000, '2025-06-12 15:10:13'),
(13, 'edisongunawan3@mail.com', 'Ganjil', '2024/2025', 'Uang Ujian 2024/2025 Ganjil', 1000000, '2025-06-12 15:10:13'),
(14, 'chelseaprayoga4@mail.com', 'Ganjil', '2024/2025', 'SPP Bulanan - Juni 2024/2025 Ganjil', 10000, '2025-06-12 15:10:13'),
(15, 'chelseaprayoga4@mail.com', 'Ganjil', '2024/2025', 'Uang Ujian 2024/2025 Ganjil', 1000000, '2025-06-12 15:10:13'),
(16, 'wageprasetyost5@mail.com', 'Ganjil', '2024/2025', 'SPP Bulanan - Juni 2024/2025 Ganjil', 10000, '2025-06-12 15:10:13'),
(17, 'wageprasetyost5@mail.com', 'Ganjil', '2024/2025', 'Uang Ujian 2024/2025 Ganjil', 1000000, '2025-06-12 15:10:13'),
(18, 'lantarsaputramkom6@mail.com', 'Ganjil', '2024/2025', 'SPP Bulanan - Juni 2024/2025 Ganjil', 10000, '2025-06-12 15:10:13'),
(19, 'lantarsaputramkom6@mail.com', 'Ganjil', '2024/2025', 'Uang Ujian 2024/2025 Ganjil', 1000000, '2025-06-12 15:10:13'),
(20, 'usmannuraini7@mail.com', 'Ganjil', '2024/2025', 'SPP Bulanan - Juni 2024/2025 Ganjil', 10000, '2025-06-12 15:10:13'),
(21, 'usmannuraini7@mail.com', 'Ganjil', '2024/2025', 'Uang Ujian 2024/2025 Ganjil', 1000000, '2025-06-12 15:10:13'),
(22, 'jagapatiagustinamfarm8@mail.co', 'Ganjil', '2024/2025', 'SPP Bulanan - Juni 2024/2025 Ganjil', 10000, '2025-06-12 15:10:13'),
(23, 'jagapatiagustinamfarm8@mail.co', 'Ganjil', '2024/2025', 'Uang Ujian 2024/2025 Ganjil', 1000000, '2025-06-12 15:10:13'),
(24, 'cintakuswandari9@mail.com', 'Ganjil', '2024/2025', 'SPP Bulanan - Juni 2024/2025 Ganjil', 10000, '2025-06-12 15:10:13'),
(25, 'cintakuswandari9@mail.com', 'Ganjil', '2024/2025', 'Uang Ujian 2024/2025 Ganjil', 1000000, '2025-06-12 15:10:13'),
(26, 'kartikariyanti10@mail.com', 'Ganjil', '2024/2025', 'SPP Bulanan - Juni 2024/2025 Ganjil', 10000, '2025-06-12 15:10:13'),
(27, 'kartikariyanti10@mail.com', 'Ganjil', '2024/2025', 'Uang Ujian 2024/2025 Ganjil', 1000000, '2025-06-12 15:10:13'),
(28, 'raisawidodo11@mail.com', 'Ganjil', '2024/2025', 'SPP Bulanan - Juni 2024/2025 Ganjil', 10000, '2025-06-12 15:10:13'),
(29, 'raisawidodo11@mail.com', 'Ganjil', '2024/2025', 'Uang Ujian 2024/2025 Ganjil', 1000000, '2025-06-12 15:10:13'),
(30, 'galuhsitumorang12@mail.com', 'Ganjil', '2024/2025', 'SPP Bulanan - Juni 2024/2025 Ganjil', 10000, '2025-06-12 15:10:13'),
(31, 'galuhsitumorang12@mail.com', 'Ganjil', '2024/2025', 'Uang Ujian 2024/2025 Ganjil', 1000000, '2025-06-12 15:10:13'),
(32, 'martanasaragih13@mail.com', 'Ganjil', '2024/2025', 'SPP Bulanan - Juni 2024/2025 Ganjil', 10000, '2025-06-12 15:10:13'),
(33, 'martanasaragih13@mail.com', 'Ganjil', '2024/2025', 'Uang Ujian 2024/2025 Ganjil', 1000000, '2025-06-12 15:10:13'),
(34, 'ranggawinarsih14@mail.com', 'Ganjil', '2024/2025', 'SPP Bulanan - Juni 2024/2025 Ganjil', 10000, '2025-06-12 15:10:13'),
(35, 'ranggawinarsih14@mail.com', 'Ganjil', '2024/2025', 'Uang Ujian 2024/2025 Ganjil', 1000000, '2025-06-12 15:10:13'),
(36, 'gzizimulyanimti15@mail.com', 'Ganjil', '2024/2025', 'SPP Bulanan - Juni 2024/2025 Ganjil', 10000, '2025-06-12 15:10:13'),
(37, 'gzizimulyanimti15@mail.com', 'Ganjil', '2024/2025', 'Uang Ujian 2024/2025 Ganjil', 1000000, '2025-06-12 15:10:13'),
(38, 'laksanapradana16@mail.com', 'Ganjil', '2024/2025', 'SPP Bulanan - Juni 2024/2025 Ganjil', 10000, '2025-06-12 15:10:13'),
(39, 'laksanapradana16@mail.com', 'Ganjil', '2024/2025', 'Uang Ujian 2024/2025 Ganjil', 1000000, '2025-06-12 15:10:13'),
(40, 'khlatifaniani17@mail.com', 'Ganjil', '2024/2025', 'SPP Bulanan - Juni 2024/2025 Ganjil', 10000, '2025-06-12 15:10:13'),
(41, 'khlatifaniani17@mail.com', 'Ganjil', '2024/2025', 'Uang Ujian 2024/2025 Ganjil', 1000000, '2025-06-12 15:10:13'),
(42, 'keziawibisono18@mail.com', 'Ganjil', '2024/2025', 'SPP Bulanan - Juni 2024/2025 Ganjil', 10000, '2025-06-12 15:10:13'),
(43, 'keziawibisono18@mail.com', 'Ganjil', '2024/2025', 'Uang Ujian 2024/2025 Ganjil', 1000000, '2025-06-12 15:10:13'),
(44, 'vanesakusumospsi19@mail.com', 'Ganjil', '2024/2025', 'SPP Bulanan - Juni 2024/2025 Ganjil', 10000, '2025-06-12 15:10:13'),
(45, 'vanesakusumospsi19@mail.com', 'Ganjil', '2024/2025', 'Uang Ujian 2024/2025 Ganjil', 1000000, '2025-06-12 15:10:13'),
(46, 'harsayamarpaung20@mail.com', 'Ganjil', '2024/2025', 'SPP Bulanan - Juni 2024/2025 Ganjil', 10000, '2025-06-12 15:10:14'),
(47, 'harsayamarpaung20@mail.com', 'Ganjil', '2024/2025', 'Uang Ujian 2024/2025 Ganjil', 1000000, '2025-06-12 15:10:14'),
(48, 'prayogawinarnosfarm21@mail.com', 'Ganjil', '2024/2025', 'SPP Bulanan - Juni 2024/2025 Ganjil', 10000, '2025-06-12 15:10:14'),
(49, 'prayogawinarnosfarm21@mail.com', 'Ganjil', '2024/2025', 'Uang Ujian 2024/2025 Ganjil', 1000000, '2025-06-12 15:10:14'),
(50, 'drssafinagunawan22@mail.com', 'Ganjil', '2024/2025', 'SPP Bulanan - Juni 2024/2025 Ganjil', 10000, '2025-06-12 15:10:14'),
(51, 'drssafinagunawan22@mail.com', 'Ganjil', '2024/2025', 'Uang Ujian 2024/2025 Ganjil', 1000000, '2025-06-12 15:10:14'),
(52, 'kartikapuspasari23@mail.com', 'Ganjil', '2024/2025', 'SPP Bulanan - Juni 2024/2025 Ganjil', 10000, '2025-06-12 15:10:14'),
(53, 'kartikapuspasari23@mail.com', 'Ganjil', '2024/2025', 'Uang Ujian 2024/2025 Ganjil', 1000000, '2025-06-12 15:10:14'),
(54, 'garangwinarno24@mail.com', 'Ganjil', '2024/2025', 'SPP Bulanan - Juni 2024/2025 Ganjil', 10000, '2025-06-12 15:10:14'),
(55, 'garangwinarno24@mail.com', 'Ganjil', '2024/2025', 'Uang Ujian 2024/2025 Ganjil', 1000000, '2025-06-12 15:10:14'),
(56, 'tasnimiswahyudi25@mail.com', 'Ganjil', '2024/2025', 'SPP Bulanan - Juni 2024/2025 Ganjil', 10000, '2025-06-12 15:10:14'),
(57, 'tasnimiswahyudi25@mail.com', 'Ganjil', '2024/2025', 'Uang Ujian 2024/2025 Ganjil', 1000000, '2025-06-12 15:10:14'),
(58, 'mariadikusumo26@mail.com', 'Ganjil', '2024/2025', 'SPP Bulanan - Juni 2024/2025 Ganjil', 10000, '2025-06-12 15:10:14'),
(59, 'mariadikusumo26@mail.com', 'Ganjil', '2024/2025', 'Uang Ujian 2024/2025 Ganjil', 1000000, '2025-06-12 15:10:14'),
(60, 'drspuputjailani27@mail.com', 'Ganjil', '2024/2025', 'SPP Bulanan - Juni 2024/2025 Ganjil', 10000, '2025-06-12 15:10:14'),
(61, 'drspuputjailani27@mail.com', 'Ganjil', '2024/2025', 'Uang Ujian 2024/2025 Ganjil', 1000000, '2025-06-12 15:10:14'),
(62, 'cemaninatsir28@mail.com', 'Ganjil', '2024/2025', 'SPP Bulanan - Juni 2024/2025 Ganjil', 10000, '2025-06-12 15:10:14'),
(63, 'cemaninatsir28@mail.com', 'Ganjil', '2024/2025', 'Uang Ujian 2024/2025 Ganjil', 1000000, '2025-06-12 15:10:14'),
(64, 'maidanarpati29@mail.com', 'Ganjil', '2024/2025', 'SPP Bulanan - Juni 2024/2025 Ganjil', 10000, '2025-06-12 15:10:14'),
(65, 'maidanarpati29@mail.com', 'Ganjil', '2024/2025', 'Uang Ujian 2024/2025 Ganjil', 1000000, '2025-06-12 15:10:14'),
(66, 'vinsenwaluyo30@mail.com', 'Ganjil', '2024/2025', 'SPP Bulanan - Juni 2024/2025 Ganjil', 10000, '2025-06-12 15:10:14'),
(67, 'vinsenwaluyo30@mail.com', 'Ganjil', '2024/2025', 'Uang Ujian 2024/2025 Ganjil', 1000000, '2025-06-12 15:10:14'),
(68, 'cutjessicanarpatisip31@mail.co', 'Ganjil', '2024/2025', 'SPP Bulanan - Juni 2024/2025 Ganjil', 10000, '2025-06-12 15:10:14'),
(69, 'cutjessicanarpatisip31@mail.co', 'Ganjil', '2024/2025', 'Uang Ujian 2024/2025 Ganjil', 1000000, '2025-06-12 15:10:14'),
(70, 'hartomangunsong32@mail.com', 'Ganjil', '2024/2025', 'SPP Bulanan - Juni 2024/2025 Ganjil', 10000, '2025-06-12 15:10:14'),
(71, 'hartomangunsong32@mail.com', 'Ganjil', '2024/2025', 'Uang Ujian 2024/2025 Ganjil', 1000000, '2025-06-12 15:10:14'),
(72, 'yanihartati33@mail.com', 'Ganjil', '2024/2025', 'SPP Bulanan - Juni 2024/2025 Ganjil', 10000, '2025-06-12 15:10:14'),
(73, 'yanihartati33@mail.com', 'Ganjil', '2024/2025', 'Uang Ujian 2024/2025 Ganjil', 1000000, '2025-06-12 15:10:14'),
(74, 'zizisirait34@mail.com', 'Ganjil', '2024/2025', 'SPP Bulanan - Juni 2024/2025 Ganjil', 10000, '2025-06-12 15:10:14'),
(75, 'zizisirait34@mail.com', 'Ganjil', '2024/2025', 'Uang Ujian 2024/2025 Ganjil', 1000000, '2025-06-12 15:10:14'),
(76, 'sutanlukitadongoran35@mail.com', 'Ganjil', '2024/2025', 'SPP Bulanan - Juni 2024/2025 Ganjil', 10000, '2025-06-12 15:10:14'),
(77, 'sutanlukitadongoran35@mail.com', 'Ganjil', '2024/2025', 'Uang Ujian 2024/2025 Ganjil', 1000000, '2025-06-12 15:10:14'),
(78, 'harjasimanjuntak36@mail.com', 'Ganjil', '2024/2025', 'SPP Bulanan - Juni 2024/2025 Ganjil', 10000, '2025-06-12 15:10:14'),
(79, 'harjasimanjuntak36@mail.com', 'Ganjil', '2024/2025', 'Uang Ujian 2024/2025 Ganjil', 1000000, '2025-06-12 15:10:14'),
(80, 'hartanawahyuni37@mail.com', 'Ganjil', '2024/2025', 'SPP Bulanan - Juni 2024/2025 Ganjil', 10000, '2025-06-12 15:10:14'),
(81, 'hartanawahyuni37@mail.com', 'Ganjil', '2024/2025', 'Uang Ujian 2024/2025 Ganjil', 1000000, '2025-06-12 15:10:14'),
(82, 'cindyanggriawan38@mail.com', 'Ganjil', '2024/2025', 'SPP Bulanan - Juni 2024/2025 Ganjil', 10000, '2025-06-12 15:10:14'),
(83, 'cindyanggriawan38@mail.com', 'Ganjil', '2024/2025', 'Uang Ujian 2024/2025 Ganjil', 1000000, '2025-06-12 15:10:14'),
(84, 'patriciaprayoga39@mail.com', 'Ganjil', '2024/2025', 'SPP Bulanan - Juni 2024/2025 Ganjil', 10000, '2025-06-12 15:10:14'),
(85, 'patriciaprayoga39@mail.com', 'Ganjil', '2024/2025', 'Uang Ujian 2024/2025 Ganjil', 1000000, '2025-06-12 15:10:14'),
(86, 'carlairawan40@mail.com', 'Ganjil', '2024/2025', 'SPP Bulanan - Juni 2024/2025 Ganjil', 10000, '2025-06-12 15:10:14'),
(87, 'carlairawan40@mail.com', 'Ganjil', '2024/2025', 'Uang Ujian 2024/2025 Ganjil', 1000000, '2025-06-12 15:10:14'),
(88, 'ginahutapea41@mail.com', 'Ganjil', '2024/2025', 'SPP Bulanan - Juni 2024/2025 Ganjil', 10000, '2025-06-12 15:10:14'),
(89, 'ginahutapea41@mail.com', 'Ganjil', '2024/2025', 'Uang Ujian 2024/2025 Ganjil', 1000000, '2025-06-12 15:10:14'),
(90, 'ulvawasita42@mail.com', 'Ganjil', '2024/2025', 'SPP Bulanan - Juni 2024/2025 Ganjil', 10000, '2025-06-12 15:10:14'),
(91, 'ulvawasita42@mail.com', 'Ganjil', '2024/2025', 'Uang Ujian 2024/2025 Ganjil', 1000000, '2025-06-12 15:10:14'),
(92, 'sucirajatamak43@mail.com', 'Ganjil', '2024/2025', 'SPP Bulanan - Juni 2024/2025 Ganjil', 10000, '2025-06-12 15:10:14'),
(93, 'sucirajatamak43@mail.com', 'Ganjil', '2024/2025', 'Uang Ujian 2024/2025 Ganjil', 1000000, '2025-06-12 15:10:14'),
(94, 'trisiraitse44@mail.com', 'Ganjil', '2024/2025', 'SPP Bulanan - Juni 2024/2025 Ganjil', 10000, '2025-06-12 15:10:14'),
(95, 'trisiraitse44@mail.com', 'Ganjil', '2024/2025', 'Uang Ujian 2024/2025 Ganjil', 1000000, '2025-06-12 15:10:14'),
(96, 'rharimandala45@mail.com', 'Ganjil', '2024/2025', 'SPP Bulanan - Juni 2024/2025 Ganjil', 10000, '2025-06-12 15:10:14'),
(97, 'rharimandala45@mail.com', 'Ganjil', '2024/2025', 'Uang Ujian 2024/2025 Ganjil', 1000000, '2025-06-12 15:10:14'),
(98, 'putiwulankuswoyosei46@mail.com', 'Ganjil', '2024/2025', 'SPP Bulanan - Juni 2024/2025 Ganjil', 10000, '2025-06-12 15:10:14'),
(99, 'putiwulankuswoyosei46@mail.com', 'Ganjil', '2024/2025', 'Uang Ujian 2024/2025 Ganjil', 1000000, '2025-06-12 15:10:14'),
(100, 'upiksihotang47@mail.com', 'Ganjil', '2024/2025', 'SPP Bulanan - Juni 2024/2025 Ganjil', 10000, '2025-06-12 15:10:14'),
(101, 'upiksihotang47@mail.com', 'Ganjil', '2024/2025', 'Uang Ujian 2024/2025 Ganjil', 1000000, '2025-06-12 15:10:14'),
(102, 'irayupurnawati48@mail.com', 'Ganjil', '2024/2025', 'SPP Bulanan - Juni 2024/2025 Ganjil', 10000, '2025-06-12 15:10:14'),
(103, 'irayupurnawati48@mail.com', 'Ganjil', '2024/2025', 'Uang Ujian 2024/2025 Ganjil', 1000000, '2025-06-12 15:10:14'),
(104, 'kandapradana2@mail.com', 'Genap', '2021/2022', 'samkldw', 1000, '2025-06-14 17:24:18');

-- --------------------------------------------------------

--
-- Table structure for table `tahun_akademik`
--

--
-- Dumping data for table `tahun_akademik`
--

INSERT INTO `tahun_akademik` (`id_tahun_akademik`, `tahun_akademik`, `mulai`, `sampai`) VALUES
('1', '2019/2020', '2019-07-01', '2020-06-30'),
('2', '2020/2021', '2020-07-01', '2021-06-30'),
('3', '2021/2022', '2021-07-01', '2022-06-30'),
('4', '2022/2023', '2022-07-01', '2023-06-30'),
('5', '2023/2024', '2023-07-01', '2024-06-30'),
('6', '2024/2025', '2024-07-01', '2025-06-30');

-- --------------------------------------------------------

--
-- Table structure for table `transaksi`
--

--
-- Dumping data for table `transaksi`
--

INSERT INTO `transaksi` (`id_transaksi`, `kode_order`, `id_tagihan`, `email`, `total`, `status`, `fraud_status`, `created_at`, `updated_at`) VALUES
(1, 'Bla-123', 1, 'man@gmail.com', 100000, 'settlement', '0', NULL, NULL),
(2, 'offline_jamar', 6, 'ulyakuswandarispt0@mail.com', 9, 'settlement', NULL, '2025-06-15 16:17:40', '2025-06-15 09:17:40');

-- --------------------------------------------------------

--
-- Table structure for table `user`
--

--
-- Dumping data for table `user`
--

INSERT INTO `user` (`id`, `username`, `password`, `nis`, `nip`, `email`, `active`) VALUES
(1, 'admin', '$2b$12$0CDIw.GPbUrAsVfn4bhbKeEcwjRd.hyAqomQunp1S3gX1tmJvd2mC', NULL, NULL, 'ADMIN@mail.com', 1),
(2, 'jamar', '$2b$12$jUdOw7DYoMGhEZ7.UwpNJu707GTJZJ9zaRuKiPidCdjvA6NDWD5ka', NULL, '198005122020041001', 'pakarisW@mial.com', 1),
(3, 'Salman', '$2b$12$N2D4cncbxLazOpAUX1GZnOsbyr7uFCTc41NtbxMgCO6ZGPJFtlHc.', 20001, NULL, 'man@gmail.com', 1),
(4, 'Ulya', '$2b$12$zmdlJW2byTw/eW.1PQIPQ.0rQyUqoCId6VPyOGeVlLo1mtgNCwtPW', 20002, NULL, 'ulyakuswandarispt0@mail.com', 1),
(5, 'Rina', '$2b$12$PixQjsyx0XyoI86eaNMGquAkF9K6t.Z3dcQE.OJWMkLMN3e.sS4vi', 20003, NULL, 'rinatampubolon1@mail.com', 1),
(6, 'Kanda', '$2b$12$tlKcCB3xg1JiljMslSzgquC/Pn1Mx4wPeWxY4ApLTQWAvnG53uUWq', 20004, NULL, 'kandapradana2@mail.com', 1),
(7, 'Edison', '$2b$12$FfYByen3SOt9FO.lmyXFQ.qzLVC6YbEO3iBpvPZXqrFUkWRDi768K', 20005, NULL, 'edisongunawan3@mail.com', 1),
(8, 'Chelsea', '$2b$12$iqVgfjU0hG.RTW8DbkF/iOIRp4qOibEFtEaXApdLrJWtIsQevnjh.', 20006, NULL, 'chelseaprayoga4@mail.com', 1),
(9, 'Wage', '$2b$12$mudk8k88ZFeTlM.SWdVyAebV2NWW9jBzGhDnE8pAlOpp9d.SSvuPK', 20007, NULL, 'wageprasetyost5@mail.com', 1),
(10, 'lantar', '$2b$12$Z5R5X1bfy1u020bFYRIIZuJLutNK/uxLpkviCYCYo3JH2ViA7vVG.', 20008, NULL, 'lantarsaputramkom6@mail.com', 1),
(11, 'Usman', '$2b$12$/xh8sX.zG0vl24Wqp1U5jOGYJTWbVFUoK42C5PAJJsOwlXnKUEIf.', 20009, NULL, 'usmannuraini7@mail.com', 1),
(12, 'Jagapati8', '$2b$12$LKih7Ps6RhKO3UMu3lBGwu/sCYWAIcWh0muXgg33JyFLMkgp1Ze.S', 20010, NULL, 'jagapatiagustinamfarm8@mail.com', 1),
(13, 'cinta9', '$2b$12$k3lA9Uw/Nlo0vFPHgtFCbegtIh0K57iPZlUqm0Ac9mZDx.UZeXmVS', 20011, NULL, 'cintakuswandari9@mail.com', 1),
(14, 'kartika10', '$2b$12$JxRLMqwJ0eHNH5k9q.DOju4sjvizX6/LlFcqRmgFy4oyN6BginM5q', 20012, NULL, 'kartikariyanti10@mail.com', 1),
(15, 'raisa11', '$2b$12$RrZ8Y03H51DmbVdLnW0GnO8cWLbObpM9/Jyz4MKTOer1M0TVOZVBm', 20013, NULL, 'raisawidodo11@mail.com', 1),
(16, 'galuh12', '$2b$12$FqsdvuR81T7eUZSQagF1VO8HiRm435SVS2FO6Z6620ZwapNNERcKW', 20014, NULL, 'galuhsitumorang12@mail.com', 1),
(17, 'martana13', '$2b$12$Ymz.Fkfr8ju670h8d2jwwO30wIe/AYsBrhraotxD962RcAj666amO', 20015, NULL, 'martanasaragih13@mail.com', 1),
(18, 'rangga14', '$2b$12$SlDZieVb.MK.iO.Uyypbk..nmFqR5yW3Hm44Px8elOWMyLdEhTjQi', 20016, NULL, 'ranggawinarsih14@mail.com', 1),
(19, 'zizi', '$2b$12$BRmPWICp5eHlf0haEKlkpOgClBLvRyn8EWAclyftHPBZI7ZSvTQCS', 20017, NULL, 'gzizimulyanimti15@mail.com', 1),
(20, 'laksana16', '$2b$12$ErTQasH1GR7i5aLVR1RJvO4Xa8aPzQA09IDX196rRVaQAOe.vuxUW', 20018, NULL, 'laksanapradana16@mail.com', 1),
(21, 'Latif', '$2b$12$XwvC.yzKggq7x7y6N7XfjexOKAaR6nYxgMnaoEfMIs7EabqaGzNNG', 20019, NULL, 'khlatifaniani17@mail.com', 1),
(22, 'kezia18', '$2b$12$NxBKjiBUdriZ2wdlqewjpOLnvSwBtNOIcSKHvZVZtHDl5.OFYM3g.', 20020, NULL, 'keziawibisono18@mail.com', 1),
(23, 'vanesa19', '$2b$12$CeLWKak152Ev05oOM3NyneBjQ63XYToaqudikODgE8QbxtGJz0fNW', 20021, NULL, 'vanesakusumospsi19@mail.com', 1),
(24, 'harsaya20', '$2b$12$5bvjZtvSRh3GqmalaJJVS.4SomXsGYCyiXPQPGM8d3qUPURaZ86XK', 20022, NULL, 'harsayamarpaung20@mail.com', 1),
(25, 'prayoga21', '$2b$12$YURakNqKC22mmWz0M68h7exRzHNCAdquLtkBa6qd9RsiDrNiui1P2', 20023, NULL, 'prayogawinarnosfarm21@mail.com', 1),
(26, 'Safina', '$2b$12$0x8jJb4KpDero7QwUeebs.Ab6Vx1CrTUBeZ8cDpf2TTnO7tHfn9Ve', 20024, NULL, 'drssafinagunawan22@mail.com', 1),
(27, 'kartika23', '$2b$12$7gzEKWS/jWfN/bs8IdrC2esTr7NGBYMN4sL71CvnGYjbJUkUtIAkq', 20025, NULL, 'kartikapuspasari23@mail.com', 1),
(28, 'garang24', '$2b$12$cfXnG7KbZMrH0HTkcAW0POFiMWfPr/36XEVsZQitu5X504LWywvAG', 20026, NULL, 'garangwinarno24@mail.com', 1),
(29, 'tasnim25', '$2b$12$59FsNFCC.Oi7CfA.9K0JZO1SSzjJUp.QLVFffNt1Tw5Uqnb2LZwni', 20027, NULL, 'tasnimiswahyudi25@mail.com', 1),
(30, 'mariadi26', '$2b$12$Yy6RbXqpbo.XdfZkCGzLNeGQyGMS7yD0/vuYRsUJ1EbMhy5xZT79a', 20028, NULL, 'mariadikusumo26@mail.com', 1),
(31, 'Puput', '$2b$12$7cwmiwiLAluefEG7/OdAJuOV6HgEMvsLHIjygRcqIq63tjQ.lAJ0O', 20029, NULL, 'drspuputjailani27@mail.com', 1),
(32, 'cemani28', '$2b$12$Cz3fesjDYJvqrXDsnzK5JOUj3ObQ9z/6tpyunENGykvvRgDT0NNkC', 20030, NULL, 'cemaninatsir28@mail.com', 1),
(33, 'maida29', '$2b$12$BE/LRhSj/r9k8iCEgJaaS.nf7rz9rnabbhWkN5mohXyTY1Bhum3.i', 20031, NULL, 'maidanarpati29@mail.com', 1),
(34, 'vinsen30', '$2b$12$7gJuSq4lb2BXBHaUcGjvdOQfivqtK1GCQpV1OpWQBbQ6x0B6lPYkC', 20032, NULL, 'vinsenwaluyo30@mail.com', 1),
(35, 'Jessica', '$2b$12$F43r5XWF/vUCTjYON4zrhecXs0DLq37sOGfkUFfVGS6MuNbjEHRW.', 20033, NULL, 'cutjessicanarpatisip31@mail.com', 1),
(36, 'harto32', '$2b$12$rnEfURom2NLCW0NpY5TnWeVijpu0glT9B18c1sPjnd5Lg5V32EfXG', 20034, NULL, 'hartomangunsong32@mail.com', 1),
(37, 'yani33', '$2b$12$iiEKWcaxdvXH1N20OByas.S/GM4p.psmnqZddSd/aqIVBW4SD/rey', 20035, NULL, 'yanihartati33@mail.com', 1),
(38, 'zizi34', '$2b$12$4Ww.iqqVRvLcz1KG2C2PKeNGXN8Ur9eM9v5cMsh4YVJooab8rb4v6', 20036, NULL, 'zizisirait34@mail.com', 1),
(39, 'sutan35', '$2b$12$W1YYvPp82L21.gM6UI8Y6uNMgJfrGQOw3fOyQni7V/Nl3u4DV1m4S', 20037, NULL, 'sutanlukitadongoran35@mail.com', 1),
(40, 'harja36', '$2b$12$t0jLzvRUcUxV4SapE2ONmesWgcm4zGB1WxWHihgbpZgNvlRykQ8oW', 20038, NULL, 'harjasimanjuntak36@mail.com', 1),
(41, 'hartana37', '$2b$12$T013H2HzZAlI7BimK2rgKuWLMUNPGzrp6PDphEg0T8AOjw2O0c4A.', 20039, NULL, 'hartanawahyuni37@mail.com', 1),
(42, 'cindy38', '$2b$12$IB1phpUIgVNHRgg9fH85veHEEyFtays2PZ51AuUMd7pMUZa8a8U9i', 20040, NULL, 'cindyanggriawan38@mail.com', 1),
(43, 'patricia39', '$2b$12$l2sg/C5.1MHyash.yrJRJ.pGNC9GVDrFUayBKh2XqVXQsRTUaNSJm', 20041, NULL, 'patriciaprayoga39@mail.com', 1),
(44, 'carla40', '$2b$12$q.I74noXbsFdS3CgBCtmxurhjyroPO3gqjgK0N5eCJ.mJcr2Z/3ZC', 20042, NULL, 'carlairawan40@mail.com', 1),
(45, 'gina41', '$2b$12$01obduHiyr6rIJaEJi6uGuzlMO6XxKyfPL2gfYYoWWajcICQQ2z6W', 20043, NULL, 'ginahutapea41@mail.com', 1),
(46, 'ulva42', '$2b$12$JsJ5kWWJs4hPsIZqYLjFNuj8n4r/Pmt01ZuYxoXN08QAA/S3x.67K', 20044, NULL, 'ulvawasita42@mail.com', 1),
(47, 'suci43', '$2b$12$xU7OOVScpkAPdLgEfn7.AO/5jW5XpbbdKFJIFhkQUKqYT44/4V1Ay', 20045, NULL, 'sucirajatamak43@mail.com', 1),
(48, 'tri44', '$2b$12$Samw57Nr9lKcm6DHFWxv.uJG5Egh2xnn5WW1pyXNfovJGE4ZdtAge', 20046, NULL, 'trisiraitse44@mail.com', 1),
(49, 'Hari45', '$2b$12$Wz5oQrtM3SdjW0Slrhkcy.KX9ByJuN5G.Agd407uQphkdafGBx.7K', 20047, NULL, 'rharimandala45@mail.com', 1),
(50, 'puti46', '$2b$12$rR3q65AeIL4afLZrPwO6qOj7L1RJ..3xw29vJaSTteI5xIqIylnG6', 20048, NULL, 'putiwulankuswoyosei46@mail.com', 1),
(51, 'upik47', '$2b$12$K2aUtEOCHwbW6yaUPgk9puQNdvCMFi1IxlUU0aDCcvkOjDYDp38py', 20049, NULL, 'upiksihotang47@mail.com', 1),
(52, 'Ayu9', '$2b$12$sb3vOTiNC49Y4Z8Wr3euruMCpQgQNO9vG5tMKUyyb4OmamCkch8pa', 20050, NULL, 'irayupurnawati48@mail.com', 0),
(53, 'Hurwiyati', '$2b$12$jUdOw7DYoMGhEZ7.UwpNJu707GTJZJ9zaRuKiPidCdjvA6NDWD5ka', NULL, '198208202020042002', 'hurwiyati@example.com', 1),
(54, 'Titik', '$2b$12$jUdOw7DYoMGhEZ7.UwpNJu707GTJZJ9zaRuKiPidCdjvA6NDWD5ka', NULL, '198502152020042003', 'titikeko@example.com', 1),
(55, 'Biyanto', '$2b$12$jUdOw7DYoMGhEZ7.UwpNJu707GTJZJ9zaRuKiPidCdjvA6NDWD5ka', NULL, '198411102020041004', 'biyanto@example.com', 1),
(56, 'Ulinnuha', '$2b$12$jUdOw7DYoMGhEZ7.UwpNJu707GTJZJ9zaRuKiPidCdjvA6NDWD5ka', NULL, '198304072020042005', 'ulinnuha@example.com', 1),
(57, 'Purnadi', '$2b$12$jUdOw7DYoMGhEZ7.UwpNJu707GTJZJ9zaRuKiPidCdjvA6NDWD5ka', NULL, '197901172020041006', 'purnadi@example.com', 1),
(58, 'Nur', '$2b$12$jUdOw7DYoMGhEZ7.UwpNJu707GTJZJ9zaRuKiPidCdjvA6NDWD5ka', NULL, '198606052020041007', 'nurarifin@example.com', 1),
(59, 'Riski', '$2b$12$jUdOw7DYoMGhEZ7.UwpNJu707GTJZJ9zaRuKiPidCdjvA6NDWD5ka', NULL, '199012302020042008', 'riskiarofiyah@example.com', 1);

-- --------------------------------------------------------

--
-- Table structure for table `user_roles`
--

--
-- Dumping data for table `user_roles`
--

INSERT INTO `user_roles` (`id`, `user_id`, `role_id`) VALUES
(1, 1, 1),
(2, 2, 2),
(3, 3, 3),
(4, 4, 3),
(5, 5, 3),
(6, 6, 3),
(7, 7, 3),
(8, 8, 3),
(9, 9, 3),
(10, 10, 3),
(11, 11, 3),
(12, 12, 3),
(13, 13, 3),
(14, 14, 3),
(15, 15, 3),
(16, 16, 3),
(17, 17, 3),
(18, 18, 3),
(19, 19, 3),
(20, 20, 3),
(21, 21, 3),
(22, 22, 3),
(23, 23, 3),
(24, 24, 3),
(25, 25, 3),
(26, 26, 3),
(27, 27, 3),
(28, 28, 3),
(29, 29, 3),
(30, 30, 3),
(31, 31, 3),
(32, 32, 3),
(33, 33, 3),
(34, 34, 3),
(35, 35, 3),
(36, 36, 3),
(37, 37, 3),
(38, 38, 3),
(39, 39, 3),
(40, 40, 3),
(41, 41, 3),
(42, 42, 3),
(43, 43, 3),
(44, 44, 3),
(45, 45, 3),
(46, 46, 3),
(47, 47, 3),
(48, 48, 3),
(49, 49, 3),
(50, 50, 3),
(51, 51, 3),
(52, 52, 3),
(53, 53, 2),
(54, 54, 2),
(55, 55, 2),
(56, 56, 2),
(57, 57, 2),
(58, 58, 2),
(59, 59, 2);

--
-- Indexes for dumped tables
--

--
-- Indexes for table `ampu_mapel`
--
ALTER TABLE `ampu_mapel`
  ADD PRIMARY KEY (`id_ampu`),
  ADD KEY `id_semester` (`id_semester`),
  ADD KEY `id_mapel` (`id_mapel`),
  ADD KEY `nip` (`nip`),
  ADD KEY `id_tahun_akademik` (`id_tahun_akademik`),
  ADD KEY `id_pembagian` (`id_pembagian`);

--
-- Indexes for table `berita`
--
ALTER TABLE `berita`
  ADD PRIMARY KEY (`id_berita`),
  ADD KEY `nip` (`nip`);

--
-- Indexes for table `gender`
--
ALTER TABLE `gender`
  ADD PRIMARY KEY (`id_gender`);

--
-- Indexes for table `guru`
--
ALTER TABLE `guru`
  ADD PRIMARY KEY (`nip`),
  ADD KEY `id_gender` (`id_gender`),
  ADD KEY `id_status` (`id_status`);

--
-- Indexes for table `jadwal_pelajaran`
--
ALTER TABLE `jadwal_pelajaran`
  ADD PRIMARY KEY (`id_jadwal`);

--
-- Indexes for table `kbm`
--
ALTER TABLE `kbm`
  ADD PRIMARY KEY (`id_kbm`),
  ADD KEY `id_ampu` (`id_ampu`);

--
-- Indexes for table `kehadiran`
--
ALTER TABLE `kehadiran`
  ADD PRIMARY KEY (`id_kehadiran`),
  ADD KEY `id_keterangan` (`id_keterangan`),
  ADD KEY `id_kbm` (`id_kbm`),
  ADD KEY `nis` (`nis`);

--
-- Indexes for table `kelas`
--
ALTER TABLE `kelas`
  ADD PRIMARY KEY (`id_kelas`);

--
-- Indexes for table `keterangan`
--
ALTER TABLE `keterangan`
  ADD PRIMARY KEY (`id_keterangan`);

--
-- Indexes for table `mapel`
--
ALTER TABLE `mapel`
  ADD PRIMARY KEY (`id_mapel`);

--
-- Indexes for table `pembagian_kelas`
--
ALTER TABLE `pembagian_kelas`
  ADD PRIMARY KEY (`id_pembagian`),
  ADD KEY `nis` (`nis`),
  ADD KEY `id_kelas` (`id_kelas`),
  ADD KEY `id_tahun_akademik` (`id_tahun_akademik`),
  ADD KEY `nip` (`nip`);

--
-- Indexes for table `role`
--
ALTER TABLE `role`
  ADD PRIMARY KEY (`id`),
  ADD UNIQUE KEY `name` (`name`);

--
-- Indexes for table `semester`
--
ALTER TABLE `semester`
  ADD PRIMARY KEY (`id_semester`);

--
-- Indexes for table `siswa`
--
ALTER TABLE `siswa`
  ADD PRIMARY KEY (`nis`),
  ADD UNIQUE KEY `email` (`email`),
  ADD KEY `id_gender` (`id_gender`),
  ADD KEY `id_status` (`id_status`);

--
-- Indexes for table `status`
--
ALTER TABLE `status`
  ADD PRIMARY KEY (`id_status`);

--
-- Indexes for table `tagihan`
--
ALTER TABLE `tagihan`
  ADD PRIMARY KEY (`id_tagihan`);

--
-- Indexes for table `tahun_akademik`
--
ALTER TABLE `tahun_akademik`
  ADD PRIMARY KEY (`id_tahun_akademik`);

--
-- Indexes for table `transaksi`
--
ALTER TABLE `transaksi`
  ADD PRIMARY KEY (`id_transaksi`),
  ADD UNIQUE KEY `kode_order` (`kode_order`),
  ADD KEY `id_tagihan` (`id_tagihan`),
  ADD KEY `email` (`email`);

--
-- Indexes for table `user`
--
ALTER TABLE `user`
  ADD PRIMARY KEY (`id`),
  ADD UNIQUE KEY `username` (`username`),
  ADD UNIQUE KEY `email` (`email`);

--
-- Indexes for table `user_roles`
--
ALTER TABLE `user_roles`
  ADD PRIMARY KEY (`id`),
  ADD KEY `user_id` (`user_id`),
  ADD KEY `role_id` (`role_id`);

--
-- AUTO_INCREMENT for dumped tables
--

--
-- AUTO_INCREMENT for table `ampu_mapel`
--
ALTER TABLE `ampu_mapel`
  MODIFY `id_ampu` int(11) NOT NULL AUTO_INCREMENT, AUTO_INCREMENT=151;

--
-- AUTO_INCREMENT for table `berita`
--
ALTER TABLE `berita`
  MODIFY `id_berita` int(11) NOT NULL AUTO_INCREMENT, AUTO_INCREMENT=5;

--
-- AUTO_INCREMENT for table `jadwal_pelajaran`
--
ALTER TABLE `jadwal_pelajaran`
  MODIFY `id_jadwal` int(11) NOT NULL AUTO_INCREMENT, AUTO_INCREMENT=36;

--
-- AUTO_INCREMENT for table `kbm`
--
ALTER TABLE `kbm`
  MODIFY `id_kbm` int(11) NOT NULL AUTO_INCREMENT, AUTO_INCREMENT=451;

--
-- AUTO_INCREMENT for table `kehadiran`
--
ALTER TABLE `kehadiran`
  MODIFY `id_kehadiran` int(11) NOT NULL AUTO_INCREMENT, AUTO_INCREMENT=901;

--
-- AUTO_INCREMENT for table `pembagian_kelas`
--
ALTER TABLE `pembagian_kelas`
  MODIFY `id_pembagian` int(11) NOT NULL AUTO_INCREMENT, AUTO_INCREMENT=152;

--
-- AUTO_INCREMENT for table `role`
--
ALTER TABLE `role`
  MODIFY `id` int(11) NOT NULL AUTO_INCREMENT, AUTO_INCREMENT=4;

--
-- AUTO_INCREMENT for table `siswa`
--
ALTER TABLE `siswa`
  MODIFY `nis` int(11) NOT NULL AUTO_INCREMENT, AUTO_INCREMENT=20051;

--
-- AUTO_INCREMENT for table `tagihan`
--
ALTER TABLE `tagihan`
  MODIFY `id_tagihan` int(11) NOT NULL AUTO_INCREMENT, AUTO_INCREMENT=105;

--
-- AUTO_INCREMENT for table `transaksi`
--
ALTER TABLE `transaksi`
  MODIFY `id_transaksi` int(11) NOT NULL AUTO_INCREMENT, AUTO_INCREMENT=3;

--
-- AUTO_INCREMENT for table `user`
--
ALTER TABLE `user`
  MODIFY `id` int(11) NOT NULL AUTO_INCREMENT, AUTO_INCREMENT=60;

--
-- AUTO_INCREMENT for table `user_roles`
--
ALTER TABLE `user_roles`
  MODIFY `id` int(11) NOT NULL AUTO_INCREMENT, AUTO_INCREMENT=60;

SET FOREIGN_KEY_CHECKS=1;
COMMIT;

/*!40101 SET CHARACTER_SET_CLIENT=@OLD_CHARACTER_SET_CLIENT */;
/*!40101 SET CHARACTER_SET_RESULTS=@OLD_CHARACTER_SET_RESULTS */;
/*!40101 SET COLLATION_CONNECTION=@OLD_COLLATION_CONNECTION */;
