-- phpMyAdmin SQL Dump
-- version 5.2.1
-- https://www.phpmyadmin.net/
--
-- Host: 127.0.0.1
-- Waktu pembuatan: 22 Jul 2025 pada 17.08
-- Versi server: 10.4.32-MariaDB
-- Versi PHP: 8.2.12

SET SQL_MODE = "NO_AUTO_VALUE_ON_ZERO";
START TRANSACTION;
SET time_zone = "+00:00";


/*!40101 SET @OLD_CHARACTER_SET_CLIENT=@@CHARACTER_SET_CLIENT */;
/*!40101 SET @OLD_CHARACTER_SET_RESULTS=@@CHARACTER_SET_RESULTS */;
/*!40101 SET @OLD_COLLATION_CONNECTION=@@COLLATION_CONNECTION */;
/*!40101 SET NAMES utf8mb4 */;

--
-- Database: `bell_web_sistem`
--

--
-- Dumping data untuk tabel `ampu_mapel`
--

INSERT INTO `ampu_mapel` (`id_ampu`, `tanggal`, `id_semester`, `id_mapel`, `nip`, `id_tahun_akademik`, `id_kelas`) VALUES
(1, '2025-06-02', '0', 'MTK', '198005122020041001', 6, '7a'),
(2, '2025-06-03', '0', 'MTK', '198005122020041001', 6, '7b'),
(3, '2025-06-04', '0', 'MTK', '198005122020041001', 6, '7c'),
(4, '2025-06-05', '0', 'MTK', '198005122020041001', 6, '8a'),
(5, '2025-06-06', '0', 'MTK', '198005122020041001', 6, '8b'),
(6, '2025-06-07', '0', 'MTK', '198005122020041001', 6, '8c'),
(7, '2025-06-09', '0', 'MTK', '198005122020041001', 6, '9a'),
(8, '2025-06-10', '0', 'MTK', '198005122020041001', 6, '9b'),
(9, '2025-07-22', '0', 'BI', '198411102020041004', 7, '7c'),
(10, '2025-07-22', '0', 'BI', '198005122020041001', 7, '7a');

--
-- Dumping data untuk tabel `berita`
--

INSERT INTO `berita` (`id_berita`, `judul`, `isi`, `nip`, `tanggal_dibuat`, `pengumuman_untuk`) VALUES
(1, 'Pengumuman Pembagian Kelas', 'Seluruh orang tua diharapkan mengantar anaknya sampai ke depan sekolah sebelum pukul 07.00 karena akan ada apel pagi.', '198005122020041001', '2025-06-25 09:48:05', 'murid'),
(2, 'Rapat Koordinasi Guru', 'Semua guru wajib hadir dalam rapat koordinasi semester ganjil pada hari Jumat pukul 13.00 di ruang guru.', '198005122020041001', '2025-06-24 09:48:05', 'guru'),
(3, 'Kegiatan Class Meeting', 'Class meeting akan dimulai minggu depan. Semua murid diwajibkan berpartisipasi dalam minimal satu kegiatan.', '198005122020041001', '2025-06-23 09:48:05', 'murid');

--
-- Dumping data untuk tabel `evaluasi_guru`
--

INSERT INTO `evaluasi_guru` (`id`, `nip`, `id_ampu`, `evaluator_id`, `evaluator_role`, `q1`, `q2`, `q3`, `q4`, `q5`, `q6`, `q7`, `q8`, `q9`, `q10`, `komentar`, `tanggal`) VALUES
(3, '197901172020041006', NULL, 3, 'murid', 0, 0, 0, 0, 0, 0, 0, 0, 0, 0, 'baik', '2025-07-22');

--
-- Dumping data untuk tabel `gender`
--

INSERT INTO `gender` (`id_gender`, `gender`) VALUES
('L', 'laki-laki'),
('P', 'perempuan');

--
-- Dumping data untuk tabel `guru`
--

INSERT INTO `guru` (`nip`, `inisial`, `nama`, `tempat_lahir`, `tanggal_lahir`, `alamat`, `no_hp`, `email`, `spesialisasi`, `id_gender`, `id_status`) VALUES
('197901172020041006', 'PRN', 'Purnadi, S.Pd.S', 'Slawi', '1979-01-27', 'Jl. Flamboyan No. 10, Slawi', '081234567806', 'purnadi@example.com', 'Penjas', 'L', '1'),
('198005122020041001', 'JMR', 'H. Jamar, S.Pd.I', 'Tegal', '1980-05-12', 'Jl. Merdeka No. 1, Tegal', '081234567801', 'jamar@example.com', 'PAI', 'L', '1'),
('198208202020042002', 'HRW', 'H. Hurwiyati, S.Pd', 'Brebes', '1982-08-20', 'Jl. Mawar No. 3, Brebes', '081234567802', 'hurwiyati@example.com', 'PKn', 'P', '1'),
('198304072020042005', 'ULN', 'Ulinnuha S.Pd.I', 'Brebes', '1983-04-07', 'Jl. Anggrek No. 9, Brebes', '081234567805', 'ulinnuha@example.com', 'PAI', 'P', '1'),
('198411102020041004', 'BYT', 'Biyanto, S.Pd', 'Tegal', '1984-11-10', 'Jl. Kenanga No. 7, Tegal', '081234567804', 'biyanto@example.com', 'Matematika', 'L', '1'),
('198502152020042003', 'TEP', 'Titik Eko Purwati, S.Pd', 'Slawi', '1985-02-15', 'Jl. Melati No. 5, Slawi', '081234567803', 'titikeko@example.com', 'B. Indonesia', 'P', '1'),
('198606052020041007', 'NAR', 'Nur Arifin, S.Pd.I', 'Tegal', '1986-06-05', 'Jl. Sawo No. 11, Tegal', '081234567807', 'nurarifin@example.com', 'PAI', 'L', '1'),
('199012302020042008', 'RA', 'Riski Arofiyah, S.Pd', 'Brebes', '1990-12-30', 'Jl. Semangka No. 12, Brebes', '081234567808', 'riskiarofiyah@example.com', 'IPA', 'P', '1');

--
-- Dumping data untuk tabel `jadwal_pelajaran`
--

INSERT INTO `jadwal_pelajaran` (`id_jadwal`, `day`, `time`, `period`, `subject`) VALUES
(1, 'Senin', '07.00 - 07.40', 1, '[\'Upacara\', \'\', \'\', \'\', \'\', \'\', \'\', \'\']'),
(2, 'Senin', '07.40 - 08.20', 2, '[\'MTK-HRW\', \'IPA-BYT\', \'ENG-HRW\', \'MTK-JMR\', \'IPS-TEP\', \'IPA-HRW\', \'ENG-JMR\', \'IPS-NAR\']'),
(3, 'Senin', '08.20 - 09.00', 3, '[\'IPS-ULN\', \'BI-ULN\', \'BI-TEP\', \'MTK-BYT\', \'IPS-JMR\', \'ENG-BYT\', \'BI-BYT\', \'MTK-JMR\']'),
(4, 'Senin', '09.00 - 09.40', 4, '[\'IPS-JMR\', \'MTK-RA\', \'BI-RA\', \'BI-ULN\', \'MTK-HRW\', \'IPA-NAR\', \'IPS-RA\', \'MTK-BYT\']'),
(5, 'Senin', '09.40 - 10.20', 5, '[\'BI-TEP\', \'BI-ULN\', \'IPA-JMR\', \'MTK-JMR\', \'BI-ULN\', \'ENG-JMR\', \'IPA-HRW\', \'BI-HRW\']'),
(6, 'Senin', '10.20 - 11.00', 6, '[\'MTK-ULN\', \'MTK-BYT\', \'MTK-TEP\', \'IPS-BYT\', \'ENG-HRW\', \'IPS-HRW\', \'MTK-JMR\', \'BI-RA\']'),
(7, 'Senin', '11.00 - 11.15', 7, '[\'\', \'\', \'\', \'\', \'\', \'\', \'\', \'\']'),
(8, 'Selasa', '07.00 - 07.40', 1, '[\'BI-JMR\', \'BI-HRW\', \'BI-BYT\', \'MTK-NAR\', \'ENG-HRW\', \'IPA-ULN\', \'IPS-NAR\', \'MTK-HRW\']'),
(9, 'Selasa', '07.40 - 08.20', 2, '[\'IPS-PRN\', \'IPS-TEP\', \'BI-NAR\', \'MTK-RA\', \'IPS-BYT\', \'MTK-PRN\', \'IPS-ULN\', \'IPA-ULN\']'),
(10, 'Selasa', '08.20 - 09.00', 3, '[\'IPA-HRW\', \'IPS-BYT\', \'ENG-RA\', \'ENG-TEP\', \'IPS-JMR\', \'BI-PRN\', \'IPA-HRW\', \'IPS-ULN\']'),
(11, 'Selasa', '09.00 - 09.40', 4, '[\'IPA-TEP\', \'BI-HRW\', \'IPS-RA\', \'ENG-JMR\', \'MTK-TEP\', \'IPS-ULN\', \'IPS-JMR\', \'IPA-BYT\']'),
(12, 'Selasa', '09.40 - 10.20', 5, '[\'MTK-TEP\', \'IPS-PRN\', \'IPS-BYT\', \'ENG-HRW\', \'MTK-JMR\', \'ENG-ULN\', \'BI-BYT\', \'MTK-HRW\']'),
(13, 'Selasa', '10.20 - 11.00', 6, '[\'IPA-HRW\', \'MTK-JMR\', \'MTK-RA\', \'IPA-JMR\', \'IPA-RA\', \'IPS-RA\', \'ENG-BYT\', \'IPA-NAR\']'),
(14, 'Rabu', '07.00 - 07.40', 1, '[\'ENG-PRN\', \'IPS-HRW\', \'IPA-BYT\', \'ENG-PRN\', \'MTK-PRN\', \'IPA-PRN\', \'BI-ULN\', \'IPS-HRW\']'),
(15, 'Rabu', '07.40 - 08.20', 2, '[\'IPS-NAR\', \'BI-RA\', \'IPA-RA\', \'ENG-ULN\', \'MTK-TEP\', \'MTK-HRW\', \'IPA-ULN\', \'ENG-RA\']'),
(16, 'Rabu', '08.20 - 09.00', 3, '[\'MTK-TEP\', \'IPA-TEP\', \'IPS-TEP\', \'IPS-RA\', \'BI-RA\', \'IPA-ULN\', \'IPS-TEP\', \'MTK-JMR\']'),
(17, 'Rabu', '09.00 - 09.40', 4, '[\'ENG-TEP\', \'BI-RA\', \'IPS-HRW\', \'IPA-RA\', \'MTK-JMR\', \'MTK-PRN\', \'ENG-HRW\', \'ENG-NAR\']'),
(18, 'Rabu', '09.40 - 10.20', 5, '[\'BI-JMR\', \'IPS-TEP\', \'IPS-TEP\', \'ENG-RA\', \'MTK-ULN\', \'BI-PRN\', \'MTK-PRN\', \'MTK-PRN\']'),
(19, 'Rabu', '10.20 - 11.00', 6, '[\'IPS-HRW\', \'BI-BYT\', \'IPS-ULN\', \'IPS-PRN\', \'IPA-JMR\', \'ENG-PRN\', \'BI-BYT\', \'BI-NAR\']'),
(20, 'Kamis', '07.00 - 07.40', 1, '[\'BI-TEP\', \'BI-ULN\', \'BI-BYT\', \'IPA-JMR\', \'MTK-ULN\', \'IPS-RA\', \'IPS-RA\', \'IPA-RA\']'),
(21, 'Kamis', '07.40 - 08.20', 2, '[\'BI-HRW\', \'ENG-TEP\', \'ENG-NAR\', \'BI-PRN\', \'IPS-TEP\', \'IPS-NAR\', \'IPS-TEP\', \'ENG-RA\']'),
(22, 'Kamis', '08.20 - 09.00', 3, '[\'IPA-RA\', \'MTK-TEP\', \'BI-BYT\', \'IPA-JMR\', \'ENG-RA\', \'ENG-ULN\', \'MTK-HRW\', \'ENG-RA\']'),
(23, 'Kamis', '09.00 - 09.40', 4, '[\'IPS-HRW\', \'BI-TEP\', \'ENG-HRW\', \'ENG-PRN\', \'ENG-JMR\', \'IPA-NAR\', \'IPA-RA\', \'ENG-RA\']'),
(24, 'Kamis', '09.40 - 10.20', 5, '[\'ENG-PRN\', \'ENG-PRN\', \'IPA-PRN\', \'BI-RA\', \'IPA-RA\', \'BI-JMR\', \'IPA-HRW\', \'IPA-BYT\']'),
(25, 'Kamis', '10.20 - 11.00', 6, '[\'IPA-RA\', \'IPA-PRN\', \'BI-HRW\', \'MTK-RA\', \'IPS-JMR\', \'ENG-HRW\', \'BI-RA\', \'BI-ULN\']'),
(26, 'Jumat', '07.00 - 07.40', 1, '[\'BI-JMR\', \'ENG-JMR\', \'IPS-JMR\', \'IPS-TEP\', \'MTK-NAR\', \'IPA-TEP\', \'IPS-ULN\', \'BI-BYT\']'),
(27, 'Jumat', '07.40 - 08.20', 2, '[\'IPA-ULN\', \'IPA-ULN\', \'BI-PRN\', \'MTK-NAR\', \'BI-TEP\', \'IPA-BYT\', \'ENG-JMR\', \'BI-PRN\']'),
(28, 'Jumat', '08.20 - 09.00', 3, '[\'MTK-NAR\', \'BI-PRN\', \'ENG-JMR\', \'MTK-NAR\', \'ENG-TEP\', \'ENG-TEP\', \'IPS-JMR\', \'IPS-BYT\']'),
(29, 'Jumat', '09.00 - 09.40', 4, '[\'MTK-BYT\', \'BI-TEP\', \'IPA-HRW\', \'IPA-JMR\', \'IPS-ULN\', \'IPS-JMR\', \'IPA-HRW\', \'BI-ULN\']'),
(30, 'Jumat', '09.40 - 10.20', 5, '[\'IPS-JMR\', \'MTK-TEP\', \'IPS-HRW\', \'ENG-TEP\', \'MTK-RA\', \'IPA-PRN\', \'ENG-NAR\', \'IPS-BYT\']'),
(31, 'Jumat', '10.20 - 11.00', 6, '[\'ENG-NAR\', \'MTK-ULN\', \'IPS-TEP\', \'BI-HRW\', \'IPA-NAR\', \'IPS-JMR\', \'MTK-PRN\', \'IPS-NAR\']'),
(32, 'Sabtu', '07.00 - 07.40', 1, '[\'MTK-RA\', \'IPS-HRW\', \'ENG-TEP\', \'ENG-JMR\', \'ENG-JMR\', \'IPS-BYT\', \'IPS-TEP\', \'MTK-NAR\']'),
(33, 'Sabtu', '07.40 - 08.20', 2, '[\'BI-TEP\', \'MTK-ULN\', \'IPS-RA\', \'IPA-HRW\', \'IPA-BYT\', \'BI-TEP\', \'ENG-PRN\', \'IPA-BYT\']'),
(34, 'Sabtu', '08.20 - 09.00', 3, '[\'IPA-TEP\', \'IPS-PRN\', \'MTK-HRW\', \'IPA-ULN\', \'BI-JMR\', \'IPS-BYT\', \'IPS-RA\', \'IPA-BYT\']'),
(35, 'Sabtu', '09.00 - 09.40', 4, '[\'IPS-JMR\', \'ENG-TEP\', \'IPS-NAR\', \'BI-HRW\', \'IPA-TEP\', \'IPS-JMR\', \'MTK-JMR\', \'IPA-JMR\']');

--
-- Dumping data untuk tabel `kbm`
--

INSERT INTO `kbm` (`id_kbm`, `tanggal`, `materi`, `sub_materi`, `id_ampu`) VALUES
(1, '2025-06-02', 'Persamaan Linear', 'Pengenalan PLDV', 1),
(2, '2025-06-03', 'Persamaan Linear', 'Pengenalan PLDV', 2),
(3, '2025-06-04', 'Persamaan Linear', 'Pengenalan PLDV', 3),
(4, '2025-06-05', 'Persamaan Linear', 'Pengenalan PLDV', 4),
(5, '2025-06-06', 'Persamaan Linear', 'Pengenalan PLDV', 5),
(6, '2025-06-07', 'Persamaan Linear', 'Pengenalan PLDV', 6),
(7, '2025-06-09', 'Persamaan Linear', 'Pengenalan PLDV', 7),
(8, '2025-06-10', 'Persamaan Linear', 'Pengenalan PLDV', 8),
(9, NULL, 'jnk', 'dds', 9),
(10, NULL, 'esfe', 'ewfw', 10),
(11, '2025-07-22', 'Kehadiran', '-', 9);

--
-- Dumping data untuk tabel `kehadiran`
--

INSERT INTO `kehadiran` (`id_kehadiran`, `id_keterangan`, `id_kbm`, `nis`, `surat_izin`) VALUES
(1, '2', 1, 20001, 'bdc2662ac4974c9089b90f9410082561.pdf'),
(2, '1', 1, 20002, NULL),
(3, '1', 1, 20003, NULL),
(4, '1', 1, 20004, NULL),
(5, '1', 1, 20005, NULL),
(6, '1', 1, 20006, NULL),
(7, '1', 1, 20007, NULL),
(8, '1', 1, 20008, NULL),
(9, '1', 1, 20009, NULL),
(10, '1', 1, 20010, NULL),
(11, '1', 2, 20011, NULL),
(12, '1', 2, 20012, NULL),
(13, '1', 2, 20013, NULL),
(14, '1', 2, 20014, NULL),
(15, '1', 2, 20015, NULL),
(16, '1', 2, 20016, NULL),
(17, '1', 2, 20017, NULL),
(18, '1', 2, 20018, NULL),
(19, '1', 2, 20019, NULL),
(20, '1', 2, 20020, NULL),
(21, '1', 3, 20021, NULL),
(22, '1', 3, 20022, NULL),
(23, '1', 3, 20023, NULL),
(24, '1', 3, 20024, NULL),
(25, '1', 3, 20025, NULL),
(26, '1', 3, 20026, NULL),
(27, '1', 3, 20027, NULL),
(28, '1', 3, 20028, NULL),
(29, '1', 3, 20029, NULL),
(30, '1', 3, 20030, NULL),
(31, '1', 4, 20031, NULL),
(32, '1', 4, 20032, NULL),
(33, '1', 4, 20033, NULL),
(34, '1', 4, 20034, NULL),
(35, '1', 4, 20035, NULL),
(36, '1', 4, 20036, NULL),
(37, '1', 4, 20037, NULL),
(38, '1', 4, 20038, NULL),
(39, '1', 4, 20039, NULL),
(40, '1', 4, 20040, NULL),
(41, '1', 5, 20041, NULL),
(42, '1', 5, 20042, NULL),
(43, '1', 5, 20043, NULL),
(44, '1', 5, 20044, NULL),
(45, '1', 5, 20045, NULL),
(46, '1', 5, 20046, NULL),
(47, '1', 5, 20047, NULL),
(48, '1', 5, 20048, NULL),
(49, '1', 5, 20049, NULL),
(50, '1', 5, 20050, NULL),
(51, '1', 6, 20051, NULL),
(52, '1', 6, 20052, NULL),
(53, '1', 6, 20053, NULL),
(54, '1', 6, 20054, NULL),
(55, '1', 6, 20055, NULL),
(56, '1', 6, 20056, NULL),
(57, '1', 6, 20057, NULL),
(58, '1', 6, 20058, NULL),
(59, '1', 6, 20059, NULL),
(60, '1', 6, 20060, NULL),
(61, '1', 7, 20061, NULL),
(62, '1', 7, 20062, NULL),
(63, '1', 7, 20063, NULL),
(64, '1', 7, 20064, NULL),
(65, '1', 7, 20065, NULL),
(66, '1', 7, 20066, NULL),
(67, '1', 7, 20067, NULL),
(68, '1', 7, 20068, NULL),
(69, '1', 7, 20069, NULL),
(70, '1', 7, 20070, NULL),
(71, '1', 8, 20071, NULL),
(72, '1', 8, 20072, NULL),
(73, '1', 8, 20073, NULL),
(74, '1', 8, 20074, NULL),
(75, '1', 8, 20075, NULL),
(76, '1', 8, 20076, NULL),
(77, '1', 8, 20077, NULL),
(78, '1', 8, 20078, NULL),
(79, '1', 8, 20079, NULL),
(80, '1', 8, 20080, NULL);

--
-- Dumping data untuk tabel `kelas`
--

INSERT INTO `kelas` (`id_kelas`, `nama_kelas`, `tingkat`) VALUES
('7a', '7A', '7'),
('7b', '7B', '7'),
('7c', '7C', '7'),
('8a', '8A', '8'),
('8b', '8B', '8'),
('8c', '8C', '8'),
('9a', '9A', '9'),
('9b', '9B', '9');

--
-- Dumping data untuk tabel `keterangan`
--

INSERT INTO `keterangan` (`id_keterangan`, `keterangan`) VALUES
('0', 'Alpa'),
('1', 'hadir'),
('2', 'izin'),
('3', 'sakit');

--
-- Dumping data untuk tabel `mapel`
--

INSERT INTO `mapel` (`id_mapel`, `nama_mapel`) VALUES
('BI', 'bahasa indonesia'),
('ENG', 'Bahasa Inggris'),
('IPA', 'Ilmu Pengetahuan Alam'),
('IPS', 'Ilmu Pengetuhan Sosial'),
('MTK', 'Matematika');

--
-- Dumping data untuk tabel `pembagian_kelas`
--

INSERT INTO `pembagian_kelas` (`id_pembagian`, `tanggal`, `nis`, `id_kelas`, `id_tahun_akademik`, `nip`) VALUES
(1001, '2025-05-29', 20001, '7a', 6, '197901172020041006'),
(1002, '2025-06-01', 20002, '7a', 6, '197901172020041006'),
(1003, '2025-06-05', 20003, '7a', 6, '197901172020041006'),
(1004, '2025-06-14', 20004, '7a', 6, '197901172020041006'),
(1005, '2025-06-21', 20005, '7a', 6, '197901172020041006'),
(1006, '2025-06-14', 20006, '7a', 6, '197901172020041006'),
(1007, '2025-06-14', 20007, '7a', 6, '197901172020041006'),
(1008, '2025-06-14', 20008, '7a', 6, '197901172020041006'),
(1009, '2025-05-28', 20009, '7a', 6, '197901172020041006'),
(1010, '2025-06-11', 20010, '7a', 6, '197901172020041006'),
(1011, '2025-05-31', 20011, '7b', 6, '198005122020041001'),
(1012, '2025-06-20', 20012, '7b', 6, '198005122020041001'),
(1013, '2025-06-24', 20013, '7b', 6, '198005122020041001'),
(1014, '2025-06-10', 20014, '7b', 6, '198005122020041001'),
(1015, '2025-06-16', 20015, '7b', 6, '198005122020041001'),
(1016, '2025-06-05', 20016, '7b', 6, '198005122020041001'),
(1017, '2025-06-15', 20017, '7b', 6, '198005122020041001'),
(1018, '2025-06-19', 20018, '7b', 6, '198005122020041001'),
(1019, '2025-06-07', 20019, '7b', 6, '198005122020041001'),
(1020, '2025-06-13', 20020, '7b', 6, '198005122020041001'),
(1021, '2025-06-03', 20021, '7c', 6, '198208202020042002'),
(1022, '2025-06-11', 20022, '7c', 6, '198208202020042002'),
(1023, '2025-05-31', 20023, '7c', 6, '198208202020042002'),
(1024, '2025-06-15', 20024, '7c', 6, '198208202020042002'),
(1025, '2025-06-12', 20025, '7c', 6, '198208202020042002'),
(1026, '2025-06-17', 20026, '7c', 6, '198208202020042002'),
(1027, '2025-06-02', 20027, '7c', 6, '198208202020042002'),
(1028, '2025-05-27', 20028, '7c', 6, '198208202020042002'),
(1029, '2025-06-23', 20029, '7c', 6, '198208202020042002'),
(1030, '2025-06-25', 20030, '7c', 6, '198208202020042002'),
(1031, '2025-06-23', 20031, '8a', 6, '198304072020042005'),
(1032, '2025-06-17', 20032, '8a', 6, '198304072020042005'),
(1033, '2025-06-04', 20033, '8a', 6, '198304072020042005'),
(1034, '2025-06-14', 20034, '8a', 6, '198304072020042005'),
(1035, '2025-06-03', 20035, '8a', 6, '198304072020042005'),
(1036, '2025-05-27', 20036, '8a', 6, '198304072020042005'),
(1037, '2025-06-23', 20037, '8a', 6, '198304072020042005'),
(1038, '2025-06-15', 20038, '8a', 6, '198304072020042005'),
(1039, '2025-06-09', 20039, '8a', 6, '198304072020042005'),
(1040, '2025-06-20', 20040, '8a', 6, '198304072020042005'),
(1041, '2025-05-29', 20041, '8b', 6, '198411102020041004'),
(1042, '2025-06-09', 20042, '8b', 6, '198411102020041004'),
(1043, '2025-06-05', 20043, '8b', 6, '198411102020041004'),
(1044, '2025-05-27', 20044, '8b', 6, '198411102020041004'),
(1045, '2025-06-11', 20045, '8b', 6, '198411102020041004'),
(1046, '2025-06-21', 20046, '8b', 6, '198411102020041004'),
(1047, '2025-06-20', 20047, '8b', 6, '198411102020041004'),
(1048, '2025-06-13', 20048, '8b', 6, '198411102020041004'),
(1049, '2025-06-10', 20049, '8b', 6, '198411102020041004'),
(1050, '2025-06-21', 20050, '8b', 6, '198411102020041004'),
(1051, '2025-06-09', 20051, '8c', 6, '198502152020042003'),
(1052, '2025-06-09', 20052, '8c', 6, '198502152020042003'),
(1053, '2025-06-05', 20053, '8c', 6, '198502152020042003'),
(1054, '2025-05-27', 20054, '8c', 6, '198502152020042003'),
(1055, '2025-06-11', 20055, '8c', 6, '198502152020042003'),
(1056, '2025-06-21', 20056, '8c', 6, '198502152020042003'),
(1057, '2025-06-20', 20057, '8c', 6, '198502152020042003'),
(1058, '2025-06-13', 20058, '8c', 6, '198502152020042003'),
(1059, '2025-06-10', 20059, '8c', 6, '198502152020042003'),
(1060, '2025-06-21', 20060, '8c', 6, '198502152020042003'),
(1061, '2025-06-09', 20061, '9a', 6, '198606052020041007'),
(1062, '2025-06-09', 20062, '9a', 6, '198606052020041007'),
(1063, '2025-06-05', 20063, '9a', 6, '198606052020041007'),
(1064, '2025-05-27', 20064, '9a', 6, '198606052020041007'),
(1065, '2025-06-11', 20065, '9a', 6, '198606052020041007'),
(1066, '2025-06-21', 20066, '9a', 6, '198606052020041007'),
(1067, '2025-06-20', 20067, '9a', 6, '198606052020041007'),
(1068, '2025-06-13', 20068, '9a', 6, '198606052020041007'),
(1069, '2025-06-10', 20069, '9a', 6, '198606052020041007'),
(1070, '2025-06-21', 20070, '9a', 6, '198606052020041007'),
(1071, '2025-06-09', 20071, '9b', 6, '198005122020041001'),
(1072, '2025-06-09', 20072, '9b', 6, '199012302020042008'),
(1073, '2025-06-05', 20073, '9b', 6, '199012302020042008'),
(1074, '2025-05-27', 20074, '9b', 6, '199012302020042008'),
(1075, '2025-06-11', 20075, '9b', 6, '199012302020042008'),
(1076, '2025-06-21', 20076, '9b', 6, '199012302020042008'),
(1077, '2025-06-20', 20077, '9b', 6, '199012302020042008'),
(1078, '2025-06-13', 20078, '9b', 6, '199012302020042008'),
(1079, '2025-06-10', 20079, '9b', 6, '199012302020042008'),
(1080, '2025-06-10', 20080, '9b', 6, '199012302020042008'),
(1081, '2025-09-09', 20002, '8b', 1, '198208202020042002'),
(1082, '2025-09-09', 20003, '7c', 5, '198304072020042005');

--
-- Dumping data untuk tabel `penilaian`
--

INSERT INTO `penilaian` (`id_penilaian`, `nis`, `id_ampu`, `jenis_penilaian`, `nilai`, `tanggal`) VALUES
(1, 20001, 3, 'UH', 71.94, '2025-05-01'),
(2, 20002, 3, 'UH', 93.7, '2025-06-01'),
(3, 20003, 3, 'UH', 71.58, '2025-06-05'),
(4, 20004, 3, 'UH', 94.04, '2025-06-14'),
(5, 20005, 3, 'UH', 79.14, '2025-06-21'),
(6, 20006, 3, 'UH', 87.71, '2025-06-14'),
(7, 20007, 3, 'UH', 70.02, '2025-06-14'),
(8, 20008, 3, 'UH', 95.98, '2025-06-14'),
(9, 20009, 3, 'UH', 72.9, '2025-05-28'),
(10, 20010, 3, 'UH', 79.17, '2025-06-11'),
(11, 20011, 3, 'UH', 83.87, '2025-05-31'),
(12, 20012, 3, 'UH', 65.13, '2025-06-20'),
(13, 20013, 3, 'UH', 82.66, '2025-06-24'),
(14, 20014, 3, 'UH', 95.62, '2025-06-10'),
(15, 20015, 3, 'UH', 78.25, '2025-06-16'),
(16, 20016, 3, 'UH', 69.66, '2025-06-05'),
(17, 20017, 3, 'UH', 92.83, '2025-06-15'),
(18, 20018, 3, 'UH', 73.83, '2025-06-19'),
(19, 20019, 3, 'UH', 76.09, '2025-06-07'),
(20, 20020, 3, 'UH', 93.85, '2025-06-13'),
(21, 20021, 3, 'UH', 68.44, '2025-06-03'),
(22, 20022, 3, 'UH', 84.46, '2025-06-11'),
(23, 20023, 3, 'UH', 81.26, '2025-05-31'),
(24, 20024, 3, 'UH', 68.22, '2025-06-15'),
(25, 20025, 3, 'UH', 81.63, '2025-06-12'),
(26, 20026, 3, 'UH', 74.48, '2025-06-17'),
(27, 20027, 3, 'UH', 77.38, '2025-06-02'),
(28, 20028, 3, 'UH', 75.87, '2025-05-27'),
(29, 20029, 3, 'UH', 91.61, '2025-06-23'),
(30, 20030, 3, 'UH', 66.97, '2025-06-25'),
(31, 20031, 3, 'UH', 71.83, '2025-06-23'),
(32, 20032, 3, 'UH', 66.17, '2025-06-17'),
(33, 20033, 3, 'UH', 66.72, '2025-06-04'),
(34, 20034, 3, 'UH', 98.78, '2025-06-14'),
(35, 20035, 3, 'UH', 85.33, '2025-06-03'),
(36, 20036, 3, 'UH', 66.22, '2025-05-27'),
(37, 20037, 3, 'UH', 79.25, '2025-06-23'),
(38, 20038, 3, 'UH', 95.65, '2025-06-15'),
(39, 20039, 3, 'UH', 73.07, '2025-06-09'),
(40, 20040, 3, 'UH', 88.18, '2025-06-20'),
(41, 20041, 3, 'UH', 86.94, '2025-05-29'),
(42, 20042, 3, 'UH', 69.22, '2025-06-09'),
(43, 20043, 3, 'UH', 79.58, '2025-06-05'),
(44, 20044, 3, 'UH', 92.14, '2025-05-27'),
(45, 20045, 3, 'UH', 68.61, '2025-06-11'),
(46, 20046, 3, 'UH', 92.65, '2025-06-21'),
(47, 20047, 3, 'UH', 99.04, '2025-06-20'),
(48, 20048, 3, 'UH', 87.11, '2025-06-13'),
(49, 20049, 3, 'UH', 91.04, '2025-06-10'),
(50, 20050, 3, 'UH', 66.65, '2025-06-21'),
(51, 20051, 3, 'UH', 76.31, '2025-06-09'),
(52, 20052, 3, 'UH', 69.22, '2025-06-09'),
(53, 20053, 3, 'UH', 79.58, '2025-06-05'),
(54, 20054, 3, 'UH', 92.14, '2025-05-27'),
(55, 20055, 3, 'UH', 68.61, '2025-06-11'),
(56, 20056, 3, 'UH', 92.65, '2025-06-21'),
(57, 20057, 3, 'UH', 99.04, '2025-06-20'),
(58, 20058, 3, 'UH', 87.11, '2025-06-13'),
(59, 20059, 3, 'UH', 91.04, '2025-06-10'),
(60, 20060, 3, 'UH', 66.65, '2025-06-21'),
(61, 20061, 3, 'UH', 76.31, '2025-06-09'),
(62, 20062, 3, 'UH', 69.22, '2025-06-09'),
(63, 20063, 3, 'UH', 79.58, '2025-06-05'),
(64, 20064, 3, 'UH', 92.14, '2025-05-27'),
(65, 20065, 3, 'UH', 68.61, '2025-06-11'),
(66, 20066, 3, 'UH', 92.65, '2025-06-21'),
(67, 20067, 3, 'UH', 99.04, '2025-06-20'),
(68, 20068, 3, 'UH', 87.11, '2025-06-13'),
(69, 20069, 3, 'UH', 91.04, '2025-06-10'),
(70, 20070, 3, 'UH', 66.65, '2025-06-21'),
(71, 20071, 3, 'UH', 76.31, '2025-06-09'),
(72, 20072, 3, 'UH', 69.22, '2025-06-09'),
(73, 20073, 3, 'UH', 79.58, '2025-06-05'),
(74, 20074, 3, 'UH', 92.14, '2025-05-27'),
(75, 20075, 3, 'UH', 68.61, '2025-06-11'),
(76, 20076, 3, 'UH', 92.65, '2025-06-21'),
(77, 20077, 3, 'UH', 99.04, '2025-06-20'),
(78, 20078, 3, 'UH', 87.11, '2025-06-13'),
(79, 20079, 3, 'UH', 91.04, '2025-06-10'),
(80, 20080, 3, 'UH', 91.04, '2025-06-10'),
(81, 20001, 3, 'UH', 70.15, '2025-05-01'),
(82, 20001, 3, 'UH', 69.2, '2025-05-07'),
(83, 20001, 3, 'UH', 69.84, '2025-05-14'),
(84, 20001, 3, 'UH', 87.77, '2025-05-21'),
(85, 20001, 3, 'UH', 80.06, '2025-05-28'),
(86, 20001, 3, 'Tugas', 77.17, '2025-05-01'),
(87, 20001, 3, 'Tugas', 75.82, '2025-05-07'),
(88, 20001, 3, 'Tugas', 75, '2025-05-14'),
(89, 20001, 3, 'Tugas', 68.2, '2025-05-21'),
(90, 20001, 3, 'Tugas', 70.84, '2025-05-28'),
(91, 20001, 3, 'Tugas', 85.29, '2025-05-05'),
(92, 20001, 3, 'Tugas', 84.54, '2025-05-11'),
(93, 20001, 3, 'Tugas', 80.72, '2025-05-18'),
(94, 20001, 3, 'Tugas', 66.18, '2025-05-25'),
(95, 20001, 3, 'Tugas', 74.59, '2025-05-30'),
(96, 20001, 3, 'UTS', 85.7, '2025-04-18'),
(97, 20001, 3, 'UAS', 73.87, '2025-06-25'),
(98, 20002, 3, 'UH', 74.76, '2025-05-01'),
(99, 20002, 3, 'UH', 72.66, '2025-05-07'),
(100, 20002, 3, 'UH', 81.47, '2025-05-14'),
(101, 20002, 3, 'UH', 65.88, '2025-05-21'),
(102, 20002, 3, 'UH', 73.14, '2025-05-28'),
(103, 20002, 3, 'Tugas', 73.57, '2025-05-01'),
(104, 20002, 3, 'Tugas', 83.02, '2025-05-07'),
(105, 20002, 3, 'Tugas', 81.68, '2025-05-14'),
(106, 20002, 3, 'Tugas', 86, '2025-05-21'),
(107, 20002, 3, 'Tugas', 89.6, '2025-05-28'),
(108, 20002, 3, 'Tugas', 89.59, '2025-05-05'),
(109, 20002, 3, 'Tugas', 77.61, '2025-05-11'),
(110, 20002, 3, 'Tugas', 88.85, '2025-05-18'),
(111, 20002, 3, 'Tugas', 73.8, '2025-05-25'),
(112, 20002, 3, 'Tugas', 86.73, '2025-05-30'),
(113, 20002, 3, 'UTS', 77.39, '2025-04-18'),
(114, 20002, 3, 'UAS', 84.51, '2025-06-25'),
(115, 20003, 3, 'UH', 67.99, '2025-05-01'),
(116, 20003, 3, 'UH', 88.21, '2025-05-07'),
(117, 20003, 3, 'UH', 71.4, '2025-05-14'),
(118, 20003, 3, 'UH', 76.13, '2025-05-21'),
(119, 20003, 3, 'UH', 83.95, '2025-05-28'),
(120, 20003, 3, 'Tugas', 84.02, '2025-05-01'),
(121, 20003, 3, 'Tugas', 70.29, '2025-05-07'),
(122, 20003, 3, 'Tugas', 74.18, '2025-05-14'),
(123, 20003, 3, 'Tugas', 71.6, '2025-05-21'),
(124, 20003, 3, 'Tugas', 82.81, '2025-05-28'),
(125, 20003, 3, 'Tugas', 80.21, '2025-05-05'),
(126, 20003, 3, 'Tugas', 82.95, '2025-05-11'),
(127, 20003, 3, 'Tugas', 75.61, '2025-05-18'),
(128, 20003, 3, 'Tugas', 89.8, '2025-05-25'),
(129, 20003, 3, 'Tugas', 76.64, '2025-05-30'),
(130, 20003, 3, 'UTS', 70.8, '2025-04-18'),
(131, 20003, 3, 'UAS', 73.41, '2025-06-25'),
(132, 20004, 3, 'UH', 79.7, '2025-05-01'),
(133, 20004, 3, 'UH', 72.65, '2025-05-07'),
(134, 20004, 3, 'UH', 89.33, '2025-05-14'),
(135, 20004, 3, 'UH', 89.35, '2025-05-21'),
(136, 20004, 3, 'UH', 76.88, '2025-05-28'),
(137, 20004, 3, 'Tugas', 85.69, '2025-05-01'),
(138, 20004, 3, 'Tugas', 78.48, '2025-05-07'),
(139, 20004, 3, 'Tugas', 65.34, '2025-05-14'),
(140, 20004, 3, 'Tugas', 66, '2025-05-21'),
(141, 20004, 3, 'Tugas', 74.93, '2025-05-28'),
(142, 20004, 3, 'Tugas', 70.53, '2025-05-05'),
(143, 20004, 3, 'Tugas', 83.31, '2025-05-11'),
(144, 20004, 3, 'Tugas', 89.37, '2025-05-18'),
(145, 20004, 3, 'Tugas', 73.77, '2025-05-25'),
(146, 20004, 3, 'Tugas', 78.27, '2025-05-30'),
(147, 20004, 3, 'UTS', 74.86, '2025-04-18'),
(148, 20004, 3, 'UAS', 66.84, '2025-06-25'),
(149, 20005, 3, 'UH', 80.32, '2025-05-01'),
(150, 20005, 3, 'UH', 76.05, '2025-05-07'),
(151, 20005, 3, 'UH', 88.56, '2025-05-14'),
(152, 20005, 3, 'UH', 69.94, '2025-05-21'),
(153, 20005, 3, 'UH', 76.02, '2025-05-28'),
(154, 20005, 3, 'Tugas', 70.23, '2025-05-01'),
(155, 20005, 3, 'Tugas', 72, '2025-05-07'),
(156, 20005, 3, 'Tugas', 84.16, '2025-05-14'),
(157, 20005, 3, 'Tugas', 73.46, '2025-05-21'),
(158, 20005, 3, 'Tugas', 84.36, '2025-05-28'),
(159, 20005, 3, 'Tugas', 82.06, '2025-05-05'),
(160, 20005, 3, 'Tugas', 75.61, '2025-05-11'),
(161, 20005, 3, 'Tugas', 89.93, '2025-05-18'),
(162, 20005, 3, 'Tugas', 69.74, '2025-05-25'),
(163, 20005, 3, 'Tugas', 74.39, '2025-05-30'),
(164, 20005, 3, 'UTS', 83, '2025-04-18'),
(165, 20005, 3, 'UAS', 86.17, '2025-06-25'),
(166, 20006, 3, 'UH', 75.59, '2025-05-01'),
(167, 20006, 3, 'UH', 87.13, '2025-05-07'),
(168, 20006, 3, 'UH', 76.6, '2025-05-14'),
(169, 20006, 3, 'UH', 73.75, '2025-05-21'),
(170, 20006, 3, 'UH', 71.78, '2025-05-28'),
(171, 20006, 3, 'Tugas', 70.18, '2025-05-01'),
(172, 20006, 3, 'Tugas', 70.6, '2025-05-07'),
(173, 20006, 3, 'Tugas', 83.18, '2025-05-14'),
(174, 20006, 3, 'Tugas', 74.27, '2025-05-21'),
(175, 20006, 3, 'Tugas', 89.51, '2025-05-28'),
(176, 20006, 3, 'Tugas', 80.56, '2025-05-05'),
(177, 20006, 3, 'Tugas', 79.54, '2025-05-11'),
(178, 20006, 3, 'Tugas', 82.97, '2025-05-18'),
(179, 20006, 3, 'Tugas', 81.63, '2025-05-25'),
(180, 20006, 3, 'Tugas', 84.23, '2025-05-30'),
(181, 20006, 3, 'UTS', 66.69, '2025-04-18'),
(182, 20006, 3, 'UAS', 78.06, '2025-06-25'),
(183, 20007, 3, 'UH', 78.03, '2025-05-01'),
(184, 20007, 3, 'UH', 79.7, '2025-05-07'),
(185, 20007, 3, 'UH', 73, '2025-05-14'),
(186, 20007, 3, 'UH', 85.62, '2025-05-21'),
(187, 20007, 3, 'UH', 66.82, '2025-05-28'),
(188, 20007, 3, 'Tugas', 67.78, '2025-05-01'),
(189, 20007, 3, 'Tugas', 74.7, '2025-05-07'),
(190, 20007, 3, 'Tugas', 82.22, '2025-05-14'),
(191, 20007, 3, 'Tugas', 66.31, '2025-05-21'),
(192, 20007, 3, 'Tugas', 70.85, '2025-05-28'),
(193, 20007, 3, 'Tugas', 83.23, '2025-05-05'),
(194, 20007, 3, 'Tugas', 75.32, '2025-05-11'),
(195, 20007, 3, 'Tugas', 82.03, '2025-05-18'),
(196, 20007, 3, 'Tugas', 73.61, '2025-05-25'),
(197, 20007, 3, 'Tugas', 79.48, '2025-05-30'),
(198, 20007, 3, 'UTS', 67.79, '2025-04-18'),
(199, 20007, 3, 'UAS', 72, '2025-06-25'),
(200, 20008, 3, 'UH', 73.04, '2025-05-01'),
(201, 20008, 3, 'UH', 79.74, '2025-05-07'),
(202, 20008, 3, 'UH', 87.65, '2025-05-14'),
(203, 20008, 3, 'UH', 71.49, '2025-05-21'),
(204, 20008, 3, 'UH', 83.79, '2025-05-28'),
(205, 20008, 3, 'Tugas', 76.55, '2025-05-01'),
(206, 20008, 3, 'Tugas', 69.58, '2025-05-07'),
(207, 20008, 3, 'Tugas', 84.32, '2025-05-14'),
(208, 20008, 3, 'Tugas', 69.77, '2025-05-21'),
(209, 20008, 3, 'Tugas', 66.42, '2025-05-28'),
(210, 20008, 3, 'Tugas', 69.8, '2025-05-05'),
(211, 20008, 3, 'Tugas', 67.11, '2025-05-11'),
(212, 20008, 3, 'Tugas', 88.8, '2025-05-18'),
(213, 20008, 3, 'Tugas', 88.01, '2025-05-25'),
(214, 20008, 3, 'Tugas', 79.35, '2025-05-30'),
(215, 20008, 3, 'UTS', 80.62, '2025-04-18'),
(216, 20008, 3, 'UAS', 82.2, '2025-06-25'),
(217, 20009, 3, 'UH', 68.3, '2025-05-01'),
(218, 20009, 3, 'UH', 66.82, '2025-05-07'),
(219, 20009, 3, 'UH', 68.69, '2025-05-14'),
(220, 20009, 3, 'UH', 76.97, '2025-05-21'),
(221, 20009, 3, 'UH', 68.23, '2025-05-28'),
(222, 20009, 3, 'Tugas', 86.77, '2025-05-01'),
(223, 20009, 3, 'Tugas', 85.78, '2025-05-07'),
(224, 20009, 3, 'Tugas', 69.35, '2025-05-14'),
(225, 20009, 3, 'Tugas', 79.2, '2025-05-21'),
(226, 20009, 3, 'Tugas', 84.76, '2025-05-28'),
(227, 20009, 3, 'Tugas', 87.44, '2025-05-05'),
(228, 20009, 3, 'Tugas', 82.93, '2025-05-11'),
(229, 20009, 3, 'Tugas', 82.81, '2025-05-18'),
(230, 20009, 3, 'Tugas', 69.37, '2025-05-25'),
(231, 20009, 3, 'Tugas', 86.21, '2025-05-30'),
(232, 20009, 3, 'UTS', 66.35, '2025-04-18'),
(233, 20009, 3, 'UAS', 66.7, '2025-06-25'),
(234, 20010, 3, 'UH', 70.02, '2025-05-01'),
(235, 20010, 3, 'UH', 84.06, '2025-05-07'),
(236, 20010, 3, 'UH', 74.4, '2025-05-14'),
(237, 20010, 3, 'UH', 72.39, '2025-05-21'),
(238, 20010, 3, 'UH', 80.42, '2025-05-28'),
(239, 20010, 3, 'Tugas', 68.38, '2025-05-01'),
(240, 20010, 3, 'Tugas', 70.31, '2025-05-07'),
(241, 20010, 3, 'Tugas', 87.38, '2025-05-14'),
(242, 20010, 3, 'Tugas', 83.11, '2025-05-21'),
(243, 20010, 3, 'Tugas', 85.86, '2025-05-28'),
(244, 20010, 3, 'Tugas', 66.78, '2025-05-05'),
(245, 20010, 3, 'Tugas', 88.22, '2025-05-11'),
(246, 20010, 3, 'Tugas', 89.31, '2025-05-18'),
(247, 20010, 3, 'Tugas', 83.49, '2025-05-25'),
(248, 20010, 3, 'Tugas', 74.64, '2025-05-30'),
(249, 20010, 3, 'UTS', 88.8, '2025-04-18'),
(250, 20010, 3, 'UAS', 80.32, '2025-06-25'),
(251, 20011, 3, 'UH', 74.57, '2025-05-01'),
(252, 20011, 3, 'UH', 81.23, '2025-05-07'),
(253, 20011, 3, 'UH', 82.29, '2025-05-14'),
(254, 20011, 3, 'UH', 86.83, '2025-05-21'),
(255, 20011, 3, 'UH', 88.62, '2025-05-28'),
(256, 20011, 3, 'Tugas', 73.62, '2025-05-01'),
(257, 20011, 3, 'Tugas', 80.38, '2025-05-07'),
(258, 20011, 3, 'Tugas', 75.88, '2025-05-14'),
(259, 20011, 3, 'Tugas', 78.07, '2025-05-21'),
(260, 20011, 3, 'Tugas', 73.25, '2025-05-28'),
(261, 20011, 3, 'Tugas', 71.99, '2025-05-05'),
(262, 20011, 3, 'Tugas', 66.29, '2025-05-11'),
(263, 20011, 3, 'Tugas', 74.93, '2025-05-18'),
(264, 20011, 3, 'Tugas', 71.24, '2025-05-25'),
(265, 20011, 3, 'Tugas', 67.54, '2025-05-30'),
(266, 20011, 3, 'UTS', 67.07, '2025-04-18'),
(267, 20011, 3, 'UAS', 76.61, '2025-06-25'),
(268, 20012, 3, 'UH', 73.64, '2025-05-01'),
(269, 20012, 3, 'UH', 70.37, '2025-05-07'),
(270, 20012, 3, 'UH', 79.99, '2025-05-14'),
(271, 20012, 3, 'UH', 75.01, '2025-05-21'),
(272, 20012, 3, 'UH', 70.88, '2025-05-28'),
(273, 20012, 3, 'Tugas', 89.45, '2025-05-01'),
(274, 20012, 3, 'Tugas', 74.35, '2025-05-07'),
(275, 20012, 3, 'Tugas', 66.44, '2025-05-14'),
(276, 20012, 3, 'Tugas', 86.12, '2025-05-21'),
(277, 20012, 3, 'Tugas', 81.24, '2025-05-28'),
(278, 20012, 3, 'Tugas', 73.42, '2025-05-05'),
(279, 20012, 3, 'Tugas', 89.32, '2025-05-11'),
(280, 20012, 3, 'Tugas', 87.26, '2025-05-18'),
(281, 20012, 3, 'Tugas', 71.49, '2025-05-25'),
(282, 20012, 3, 'Tugas', 79.74, '2025-05-30'),
(283, 20012, 3, 'UTS', 73.1, '2025-04-18'),
(284, 20012, 3, 'UAS', 71.59, '2025-06-25'),
(285, 20013, 3, 'UH', 81.3, '2025-05-01'),
(286, 20013, 3, 'UH', 71.64, '2025-05-07'),
(287, 20013, 3, 'UH', 72.12, '2025-05-14'),
(288, 20013, 3, 'UH', 69.74, '2025-05-21'),
(289, 20013, 3, 'UH', 88.48, '2025-05-28'),
(290, 20013, 3, 'Tugas', 65.47, '2025-05-01'),
(291, 20013, 3, 'Tugas', 81.18, '2025-05-07'),
(292, 20013, 3, 'Tugas', 76.65, '2025-05-14'),
(293, 20013, 3, 'Tugas', 86.91, '2025-05-21'),
(294, 20013, 3, 'Tugas', 66.12, '2025-05-28'),
(295, 20013, 3, 'Tugas', 73.78, '2025-05-05'),
(296, 20013, 3, 'Tugas', 73.5, '2025-05-11'),
(297, 20013, 3, 'Tugas', 79.41, '2025-05-18'),
(298, 20013, 3, 'Tugas', 85.64, '2025-05-25'),
(299, 20013, 3, 'Tugas', 72.19, '2025-05-30'),
(300, 20013, 3, 'UTS', 70.58, '2025-04-18'),
(301, 20013, 3, 'UAS', 78.92, '2025-06-25'),
(302, 20014, 3, 'UH', 73.44, '2025-05-01'),
(303, 20014, 3, 'UH', 68.86, '2025-05-07'),
(304, 20014, 3, 'UH', 75.85, '2025-05-14'),
(305, 20014, 3, 'UH', 65.66, '2025-05-21'),
(306, 20014, 3, 'UH', 85.71, '2025-05-28'),
(307, 20014, 3, 'Tugas', 84.65, '2025-05-01'),
(308, 20014, 3, 'Tugas', 86.49, '2025-05-07'),
(309, 20014, 3, 'Tugas', 87.45, '2025-05-14'),
(310, 20014, 3, 'Tugas', 89.89, '2025-05-21'),
(311, 20014, 3, 'Tugas', 87.71, '2025-05-28'),
(312, 20014, 3, 'Tugas', 74.32, '2025-05-05'),
(313, 20014, 3, 'Tugas', 69.9, '2025-05-11'),
(314, 20014, 3, 'Tugas', 71.28, '2025-05-18'),
(315, 20014, 3, 'Tugas', 76.41, '2025-05-25'),
(316, 20014, 3, 'Tugas', 71.5, '2025-05-30'),
(317, 20014, 3, 'UTS', 80.88, '2025-04-18'),
(318, 20014, 3, 'UAS', 82.93, '2025-06-25'),
(319, 20015, 3, 'UH', 80, '2025-05-01'),
(320, 20015, 3, 'UH', 75.94, '2025-05-07'),
(321, 20015, 3, 'UH', 71.74, '2025-05-14'),
(322, 20015, 3, 'UH', 88.61, '2025-05-21'),
(323, 20015, 3, 'UH', 84.74, '2025-05-28'),
(324, 20015, 3, 'Tugas', 78.89, '2025-05-01'),
(325, 20015, 3, 'Tugas', 83.36, '2025-05-07'),
(326, 20015, 3, 'Tugas', 82.88, '2025-05-14'),
(327, 20015, 3, 'Tugas', 89.35, '2025-05-21'),
(328, 20015, 3, 'Tugas', 82.58, '2025-05-28'),
(329, 20015, 3, 'Tugas', 84.06, '2025-05-05'),
(330, 20015, 3, 'Tugas', 83.83, '2025-05-11'),
(331, 20015, 3, 'Tugas', 84.67, '2025-05-18'),
(332, 20015, 3, 'Tugas', 66.5, '2025-05-25'),
(333, 20015, 3, 'Tugas', 84.26, '2025-05-30'),
(334, 20015, 3, 'UTS', 78.47, '2025-04-18'),
(335, 20015, 3, 'UAS', 80.69, '2025-06-25'),
(336, 20016, 3, 'UH', 85.94, '2025-05-01'),
(337, 20016, 3, 'UH', 77.22, '2025-05-07'),
(338, 20016, 3, 'UH', 79.7, '2025-05-14'),
(339, 20016, 3, 'UH', 65.38, '2025-05-21'),
(340, 20016, 3, 'UH', 85.87, '2025-05-28'),
(341, 20016, 3, 'Tugas', 85.1, '2025-05-01'),
(342, 20016, 3, 'Tugas', 88.5, '2025-05-07'),
(343, 20016, 3, 'Tugas', 86.83, '2025-05-14'),
(344, 20016, 3, 'Tugas', 65.8, '2025-05-21'),
(345, 20016, 3, 'Tugas', 84.89, '2025-05-28'),
(346, 20016, 3, 'Tugas', 76.75, '2025-05-05'),
(347, 20016, 3, 'Tugas', 81.19, '2025-05-11'),
(348, 20016, 3, 'Tugas', 73.35, '2025-05-18'),
(349, 20016, 3, 'Tugas', 75.26, '2025-05-25'),
(350, 20016, 3, 'Tugas', 67.81, '2025-05-30'),
(351, 20016, 3, 'UTS', 80.51, '2025-04-18'),
(352, 20016, 3, 'UAS', 75.8, '2025-06-25'),
(353, 20017, 3, 'UH', 75.93, '2025-05-01'),
(354, 20017, 3, 'UH', 79.26, '2025-05-07'),
(355, 20017, 3, 'UH', 73.2, '2025-05-14'),
(356, 20017, 3, 'UH', 78.94, '2025-05-21'),
(357, 20017, 3, 'UH', 67.55, '2025-05-28'),
(358, 20017, 3, 'Tugas', 71.82, '2025-05-01'),
(359, 20017, 3, 'Tugas', 71.37, '2025-05-07'),
(360, 20017, 3, 'Tugas', 86.15, '2025-05-14'),
(361, 20017, 3, 'Tugas', 87.71, '2025-05-21'),
(362, 20017, 3, 'Tugas', 86.62, '2025-05-28'),
(363, 20017, 3, 'Tugas', 71.68, '2025-05-05'),
(364, 20017, 3, 'Tugas', 68.61, '2025-05-11'),
(365, 20017, 3, 'Tugas', 82.46, '2025-05-18'),
(366, 20017, 3, 'Tugas', 66.71, '2025-05-25'),
(367, 20017, 3, 'Tugas', 84.07, '2025-05-30'),
(368, 20017, 3, 'UTS', 89.19, '2025-04-18'),
(369, 20017, 3, 'UAS', 71.73, '2025-06-25'),
(370, 20018, 3, 'UH', 74.16, '2025-05-01'),
(371, 20018, 3, 'UH', 68.12, '2025-05-07'),
(372, 20018, 3, 'UH', 77.54, '2025-05-14'),
(373, 20018, 3, 'UH', 68.01, '2025-05-21'),
(374, 20018, 3, 'UH', 83.25, '2025-05-28'),
(375, 20018, 3, 'Tugas', 76.83, '2025-05-01'),
(376, 20018, 3, 'Tugas', 70.95, '2025-05-07'),
(377, 20018, 3, 'Tugas', 71.26, '2025-05-14'),
(378, 20018, 3, 'Tugas', 65.78, '2025-05-21'),
(379, 20018, 3, 'Tugas', 79.97, '2025-05-28'),
(380, 20018, 3, 'Tugas', 75.79, '2025-05-05'),
(381, 20018, 3, 'Tugas', 89.8, '2025-05-11'),
(382, 20018, 3, 'Tugas', 81.79, '2025-05-18'),
(383, 20018, 3, 'Tugas', 75.53, '2025-05-25'),
(384, 20018, 3, 'Tugas', 77.01, '2025-05-30'),
(385, 20018, 3, 'UTS', 67.63, '2025-04-18'),
(386, 20018, 3, 'UAS', 78.15, '2025-06-25'),
(387, 20019, 3, 'UH', 81.45, '2025-05-01'),
(388, 20019, 3, 'UH', 80.89, '2025-05-07'),
(389, 20019, 3, 'UH', 74.53, '2025-05-14'),
(390, 20019, 3, 'UH', 87.05, '2025-05-21'),
(391, 20019, 3, 'UH', 79.55, '2025-05-28'),
(392, 20019, 3, 'Tugas', 78.18, '2025-05-01'),
(393, 20019, 3, 'Tugas', 78.8, '2025-05-07'),
(394, 20019, 3, 'Tugas', 83.84, '2025-05-14'),
(395, 20019, 3, 'Tugas', 84.38, '2025-05-21'),
(396, 20019, 3, 'Tugas', 72.49, '2025-05-28'),
(397, 20019, 3, 'Tugas', 75.88, '2025-05-05'),
(398, 20019, 3, 'Tugas', 73.02, '2025-05-11'),
(399, 20019, 3, 'Tugas', 69.41, '2025-05-18'),
(400, 20019, 3, 'Tugas', 89.87, '2025-05-25'),
(401, 20019, 3, 'Tugas', 69.3, '2025-05-30'),
(402, 20019, 3, 'UTS', 66.72, '2025-04-18'),
(403, 20019, 3, 'UAS', 72.53, '2025-06-25'),
(404, 20020, 3, 'UH', 74.68, '2025-05-01'),
(405, 20020, 3, 'UH', 72.73, '2025-05-07'),
(406, 20020, 3, 'UH', 74.72, '2025-05-14'),
(407, 20020, 3, 'UH', 78.45, '2025-05-21'),
(408, 20020, 3, 'UH', 66.07, '2025-05-28'),
(409, 20020, 3, 'Tugas', 77.11, '2025-05-01'),
(410, 20020, 3, 'Tugas', 68.17, '2025-05-07'),
(411, 20020, 3, 'Tugas', 83.39, '2025-05-14'),
(412, 20020, 3, 'Tugas', 76.05, '2025-05-21'),
(413, 20020, 3, 'Tugas', 67.05, '2025-05-28'),
(414, 20020, 3, 'Tugas', 66.45, '2025-05-05'),
(415, 20020, 3, 'Tugas', 76.31, '2025-05-11'),
(416, 20020, 3, 'Tugas', 80.74, '2025-05-18'),
(417, 20020, 3, 'Tugas', 69.71, '2025-05-25'),
(418, 20020, 3, 'Tugas', 84.71, '2025-05-30'),
(419, 20020, 3, 'UTS', 87.68, '2025-04-18'),
(420, 20020, 3, 'UAS', 89.73, '2025-06-25'),
(421, 20021, 3, 'UH', 79.11, '2025-05-01'),
(422, 20021, 3, 'UH', 76.02, '2025-05-07'),
(423, 20021, 3, 'UH', 80.9, '2025-05-14'),
(424, 20021, 3, 'UH', 71.1, '2025-05-21'),
(425, 20021, 3, 'UH', 67.18, '2025-05-28'),
(426, 20021, 3, 'Tugas', 65.36, '2025-05-01'),
(427, 20021, 3, 'Tugas', 76.12, '2025-05-07'),
(428, 20021, 3, 'Tugas', 72.32, '2025-05-14'),
(429, 20021, 3, 'Tugas', 66, '2025-05-21'),
(430, 20021, 3, 'Tugas', 87.95, '2025-05-28'),
(431, 20021, 3, 'Tugas', 67.94, '2025-05-05'),
(432, 20021, 3, 'Tugas', 68.02, '2025-05-11'),
(433, 20021, 3, 'Tugas', 72.4, '2025-05-18'),
(434, 20021, 3, 'Tugas', 74.05, '2025-05-25'),
(435, 20021, 3, 'Tugas', 88.78, '2025-05-30'),
(436, 20021, 3, 'UTS', 75.59, '2025-04-18'),
(437, 20021, 3, 'UAS', 80.92, '2025-06-25'),
(438, 20022, 3, 'UH', 69.65, '2025-05-01'),
(439, 20022, 3, 'UH', 70.66, '2025-05-07'),
(440, 20022, 3, 'UH', 65.59, '2025-05-14'),
(441, 20022, 3, 'UH', 77.23, '2025-05-21'),
(442, 20022, 3, 'UH', 83.69, '2025-05-28'),
(443, 20022, 3, 'Tugas', 78.41, '2025-05-01'),
(444, 20022, 3, 'Tugas', 71.53, '2025-05-07'),
(445, 20022, 3, 'Tugas', 69.49, '2025-05-14'),
(446, 20022, 3, 'Tugas', 88.91, '2025-05-21'),
(447, 20022, 3, 'Tugas', 69.2, '2025-05-28'),
(448, 20022, 3, 'Tugas', 74, '2025-05-05'),
(449, 20022, 3, 'Tugas', 88.47, '2025-05-11'),
(450, 20022, 3, 'Tugas', 69.95, '2025-05-18'),
(451, 20022, 3, 'Tugas', 67.3, '2025-05-25'),
(452, 20022, 3, 'Tugas', 66.74, '2025-05-30'),
(453, 20022, 3, 'UTS', 73.72, '2025-04-18'),
(454, 20022, 3, 'UAS', 79, '2025-06-25'),
(455, 20023, 3, 'UH', 65.8, '2025-05-01'),
(456, 20023, 3, 'UH', 72.44, '2025-05-07'),
(457, 20023, 3, 'UH', 66.37, '2025-05-14'),
(458, 20023, 3, 'UH', 66.19, '2025-05-21'),
(459, 20023, 3, 'UH', 82.63, '2025-05-28'),
(460, 20023, 3, 'Tugas', 70.7, '2025-05-01'),
(461, 20023, 3, 'Tugas', 65.49, '2025-05-07'),
(462, 20023, 3, 'Tugas', 72.16, '2025-05-14'),
(463, 20023, 3, 'Tugas', 67.3, '2025-05-21'),
(464, 20023, 3, 'Tugas', 65.98, '2025-05-28'),
(465, 20023, 3, 'Tugas', 84.05, '2025-05-05'),
(466, 20023, 3, 'Tugas', 68.88, '2025-05-11'),
(467, 20023, 3, 'Tugas', 71.01, '2025-05-18'),
(468, 20023, 3, 'Tugas', 69.02, '2025-05-25'),
(469, 20023, 3, 'Tugas', 85.42, '2025-05-30'),
(470, 20023, 3, 'UTS', 77.16, '2025-04-18'),
(471, 20023, 3, 'UAS', 67.95, '2025-06-25'),
(472, 20024, 3, 'UH', 74.03, '2025-05-01'),
(473, 20024, 3, 'UH', 79.32, '2025-05-07'),
(474, 20024, 3, 'UH', 85.12, '2025-05-14'),
(475, 20024, 3, 'UH', 77.93, '2025-05-21'),
(476, 20024, 3, 'UH', 83.6, '2025-05-28'),
(477, 20024, 3, 'Tugas', 78.93, '2025-05-01'),
(478, 20024, 3, 'Tugas', 79.79, '2025-05-07'),
(479, 20024, 3, 'Tugas', 67.74, '2025-05-14'),
(480, 20024, 3, 'Tugas', 71.44, '2025-05-21'),
(481, 20024, 3, 'Tugas', 77.53, '2025-05-28'),
(482, 20024, 3, 'Tugas', 71.7, '2025-05-05'),
(483, 20024, 3, 'Tugas', 88.5, '2025-05-11'),
(484, 20024, 3, 'Tugas', 67.51, '2025-05-18'),
(485, 20024, 3, 'Tugas', 87.76, '2025-05-25'),
(486, 20024, 3, 'Tugas', 82.91, '2025-05-30'),
(487, 20024, 3, 'UTS', 82.76, '2025-04-18'),
(488, 20024, 3, 'UAS', 84.53, '2025-06-25'),
(489, 20025, 3, 'UH', 71.04, '2025-05-01'),
(490, 20025, 3, 'UH', 81.26, '2025-05-07'),
(491, 20025, 3, 'UH', 66.37, '2025-05-14'),
(492, 20025, 3, 'UH', 80.86, '2025-05-21'),
(493, 20025, 3, 'UH', 88.6, '2025-05-28'),
(494, 20025, 3, 'Tugas', 82.81, '2025-05-01'),
(495, 20025, 3, 'Tugas', 71.13, '2025-05-07'),
(496, 20025, 3, 'Tugas', 88.2, '2025-05-14'),
(497, 20025, 3, 'Tugas', 77.67, '2025-05-21'),
(498, 20025, 3, 'Tugas', 66.34, '2025-05-28'),
(499, 20025, 3, 'Tugas', 72.38, '2025-05-05'),
(500, 20025, 3, 'Tugas', 78.07, '2025-05-11'),
(501, 20025, 3, 'Tugas', 69.73, '2025-05-18'),
(502, 20025, 3, 'Tugas', 71.96, '2025-05-25'),
(503, 20025, 3, 'Tugas', 78.12, '2025-05-30'),
(504, 20025, 3, 'UTS', 73.69, '2025-04-18'),
(505, 20025, 3, 'UAS', 86.34, '2025-06-25'),
(506, 20026, 3, 'UH', 81.75, '2025-05-01'),
(507, 20026, 3, 'UH', 70.34, '2025-05-07'),
(508, 20026, 3, 'UH', 78.25, '2025-05-14'),
(509, 20026, 3, 'UH', 87.61, '2025-05-21'),
(510, 20026, 3, 'UH', 75.83, '2025-05-28'),
(511, 20026, 3, 'Tugas', 65.54, '2025-05-01'),
(512, 20026, 3, 'Tugas', 74.89, '2025-05-07'),
(513, 20026, 3, 'Tugas', 79.59, '2025-05-14'),
(514, 20026, 3, 'Tugas', 88.6, '2025-05-21'),
(515, 20026, 3, 'Tugas', 85.49, '2025-05-28'),
(516, 20026, 3, 'Tugas', 75.14, '2025-05-05'),
(517, 20026, 3, 'Tugas', 88.1, '2025-05-11'),
(518, 20026, 3, 'Tugas', 77.44, '2025-05-18'),
(519, 20026, 3, 'Tugas', 83.07, '2025-05-25'),
(520, 20026, 3, 'Tugas', 80.84, '2025-05-30'),
(521, 20026, 3, 'UTS', 68.93, '2025-04-18'),
(522, 20026, 3, 'UAS', 72.09, '2025-06-25'),
(523, 20027, 3, 'UH', 76.46, '2025-05-01'),
(524, 20027, 3, 'UH', 78.2, '2025-05-07'),
(525, 20027, 3, 'UH', 81.44, '2025-05-14'),
(526, 20027, 3, 'UH', 86.17, '2025-05-21'),
(527, 20027, 3, 'UH', 83.64, '2025-05-28'),
(528, 20027, 3, 'Tugas', 73.46, '2025-05-01'),
(529, 20027, 3, 'Tugas', 70.16, '2025-05-07'),
(530, 20027, 3, 'Tugas', 70.7, '2025-05-14'),
(531, 20027, 3, 'Tugas', 78.75, '2025-05-21'),
(532, 20027, 3, 'Tugas', 78.6, '2025-05-28'),
(533, 20027, 3, 'Tugas', 70.29, '2025-05-05'),
(534, 20027, 3, 'Tugas', 75.81, '2025-05-11'),
(535, 20027, 3, 'Tugas', 89.98, '2025-05-18'),
(536, 20027, 3, 'Tugas', 88.24, '2025-05-25'),
(537, 20027, 3, 'Tugas', 71.32, '2025-05-30'),
(538, 20027, 3, 'UTS', 72.08, '2025-04-18'),
(539, 20027, 3, 'UAS', 88.33, '2025-06-25'),
(540, 20028, 3, 'UH', 81.94, '2025-05-01'),
(541, 20028, 3, 'UH', 83.18, '2025-05-07'),
(542, 20028, 3, 'UH', 65.36, '2025-05-14'),
(543, 20028, 3, 'UH', 84.11, '2025-05-21'),
(544, 20028, 3, 'UH', 77.38, '2025-05-28'),
(545, 20028, 3, 'Tugas', 82.33, '2025-05-01'),
(546, 20028, 3, 'Tugas', 84.14, '2025-05-07'),
(547, 20028, 3, 'Tugas', 67.92, '2025-05-14'),
(548, 20028, 3, 'Tugas', 89.62, '2025-05-21'),
(549, 20028, 3, 'Tugas', 82.38, '2025-05-28'),
(550, 20028, 3, 'Tugas', 82.11, '2025-05-05'),
(551, 20028, 3, 'Tugas', 70.15, '2025-05-11'),
(552, 20028, 3, 'Tugas', 88.22, '2025-05-18'),
(553, 20028, 3, 'Tugas', 74.12, '2025-05-25'),
(554, 20028, 3, 'Tugas', 70.41, '2025-05-30'),
(555, 20028, 3, 'UTS', 89.43, '2025-04-18'),
(556, 20028, 3, 'UAS', 89.21, '2025-06-25'),
(557, 20029, 3, 'UH', 68.56, '2025-05-01'),
(558, 20029, 3, 'UH', 65.14, '2025-05-07'),
(559, 20029, 3, 'UH', 75.07, '2025-05-14'),
(560, 20029, 3, 'UH', 80.86, '2025-05-21'),
(561, 20029, 3, 'UH', 89.27, '2025-05-28'),
(562, 20029, 3, 'Tugas', 73.94, '2025-05-01'),
(563, 20029, 3, 'Tugas', 85.01, '2025-05-07'),
(564, 20029, 3, 'Tugas', 86.13, '2025-05-14'),
(565, 20029, 3, 'Tugas', 67.3, '2025-05-21'),
(566, 20029, 3, 'Tugas', 82.39, '2025-05-28'),
(567, 20029, 3, 'Tugas', 72.61, '2025-05-05'),
(568, 20029, 3, 'Tugas', 81.1, '2025-05-11'),
(569, 20029, 3, 'Tugas', 74.84, '2025-05-18'),
(570, 20029, 3, 'Tugas', 83.35, '2025-05-25'),
(571, 20029, 3, 'Tugas', 74.56, '2025-05-30'),
(572, 20029, 3, 'UTS', 78.89, '2025-04-18'),
(573, 20029, 3, 'UAS', 73.93, '2025-06-25'),
(574, 20030, 3, 'UH', 84.85, '2025-05-01'),
(575, 20030, 3, 'UH', 74.82, '2025-05-07'),
(576, 20030, 3, 'UH', 74.28, '2025-05-14'),
(577, 20030, 3, 'UH', 85.04, '2025-05-21'),
(578, 20030, 3, 'UH', 67.75, '2025-05-28'),
(579, 20030, 3, 'Tugas', 77.52, '2025-05-01'),
(580, 20030, 3, 'Tugas', 87.44, '2025-05-07'),
(581, 20030, 3, 'Tugas', 79.5, '2025-05-14'),
(582, 20030, 3, 'Tugas', 87.14, '2025-05-21'),
(583, 20030, 3, 'Tugas', 71.92, '2025-05-28'),
(584, 20030, 3, 'Tugas', 77.87, '2025-05-05'),
(585, 20030, 3, 'Tugas', 81.09, '2025-05-11'),
(586, 20030, 3, 'Tugas', 70.68, '2025-05-18'),
(587, 20030, 3, 'Tugas', 80.98, '2025-05-25'),
(588, 20030, 3, 'Tugas', 72.3, '2025-05-30'),
(589, 20030, 3, 'UTS', 83.06, '2025-04-18'),
(590, 20030, 3, 'UAS', 77.06, '2025-06-25'),
(591, 20031, 3, 'UH', 70.33, '2025-05-01'),
(592, 20031, 3, 'UH', 83.22, '2025-05-07'),
(593, 20031, 3, 'UH', 87.78, '2025-05-14'),
(594, 20031, 3, 'UH', 77.83, '2025-05-21'),
(595, 20031, 3, 'UH', 75, '2025-05-28'),
(596, 20031, 3, 'Tugas', 67.83, '2025-05-01'),
(597, 20031, 3, 'Tugas', 85.05, '2025-05-07'),
(598, 20031, 3, 'Tugas', 73.77, '2025-05-14'),
(599, 20031, 3, 'Tugas', 75.12, '2025-05-21'),
(600, 20031, 3, 'Tugas', 85, '2025-05-28'),
(601, 20031, 3, 'Tugas', 72.83, '2025-05-05'),
(602, 20031, 3, 'Tugas', 88.69, '2025-05-11'),
(603, 20031, 3, 'Tugas', 84.6, '2025-05-18'),
(604, 20031, 3, 'Tugas', 67.61, '2025-05-25'),
(605, 20031, 3, 'Tugas', 75.81, '2025-05-30'),
(606, 20031, 3, 'UTS', 83.29, '2025-04-18'),
(607, 20031, 3, 'UAS', 76.03, '2025-06-25'),
(608, 20032, 3, 'UH', 76.31, '2025-05-01'),
(609, 20032, 3, 'UH', 87.92, '2025-05-07'),
(610, 20032, 3, 'UH', 79.01, '2025-05-14'),
(611, 20032, 3, 'UH', 84.58, '2025-05-21'),
(612, 20032, 3, 'UH', 80.02, '2025-05-28'),
(613, 20032, 3, 'Tugas', 86.87, '2025-05-01'),
(614, 20032, 3, 'Tugas', 82.54, '2025-05-07'),
(615, 20032, 3, 'Tugas', 67.24, '2025-05-14'),
(616, 20032, 3, 'Tugas', 79.23, '2025-05-21'),
(617, 20032, 3, 'Tugas', 70.2, '2025-05-28'),
(618, 20032, 3, 'Tugas', 84, '2025-05-05'),
(619, 20032, 3, 'Tugas', 68.16, '2025-05-11'),
(620, 20032, 3, 'Tugas', 87.94, '2025-05-18'),
(621, 20032, 3, 'Tugas', 68.15, '2025-05-25'),
(622, 20032, 3, 'Tugas', 80.6, '2025-05-30'),
(623, 20032, 3, 'UTS', 74.88, '2025-04-18'),
(624, 20032, 3, 'UAS', 84.5, '2025-06-25'),
(625, 20033, 3, 'UH', 80.02, '2025-05-01'),
(626, 20033, 3, 'UH', 70.43, '2025-05-07'),
(627, 20033, 3, 'UH', 68.45, '2025-05-14'),
(628, 20033, 3, 'UH', 81.53, '2025-05-21'),
(629, 20033, 3, 'UH', 78.51, '2025-05-28'),
(630, 20033, 3, 'Tugas', 66.78, '2025-05-01'),
(631, 20033, 3, 'Tugas', 67.03, '2025-05-07'),
(632, 20033, 3, 'Tugas', 80.18, '2025-05-14'),
(633, 20033, 3, 'Tugas', 65.55, '2025-05-21'),
(634, 20033, 3, 'Tugas', 68.14, '2025-05-28'),
(635, 20033, 3, 'Tugas', 86.95, '2025-05-05'),
(636, 20033, 3, 'Tugas', 78.12, '2025-05-11'),
(637, 20033, 3, 'Tugas', 86.22, '2025-05-18'),
(638, 20033, 3, 'Tugas', 76.25, '2025-05-25'),
(639, 20033, 3, 'Tugas', 82.81, '2025-05-30'),
(640, 20033, 3, 'UTS', 84.95, '2025-04-18'),
(641, 20033, 3, 'UAS', 85.39, '2025-06-25'),
(642, 20034, 3, 'UH', 79.92, '2025-05-01'),
(643, 20034, 3, 'UH', 89.57, '2025-05-07'),
(644, 20034, 3, 'UH', 87.25, '2025-05-14'),
(645, 20034, 3, 'UH', 85.77, '2025-05-21'),
(646, 20034, 3, 'UH', 76.61, '2025-05-28'),
(647, 20034, 3, 'Tugas', 77.53, '2025-05-01'),
(648, 20034, 3, 'Tugas', 88.46, '2025-05-07'),
(649, 20034, 3, 'Tugas', 87.75, '2025-05-14'),
(650, 20034, 3, 'Tugas', 86.66, '2025-05-21'),
(651, 20034, 3, 'Tugas', 84.74, '2025-05-28'),
(652, 20034, 3, 'Tugas', 74.85, '2025-05-05'),
(653, 20034, 3, 'Tugas', 75.59, '2025-05-11'),
(654, 20034, 3, 'Tugas', 76.58, '2025-05-18'),
(655, 20034, 3, 'Tugas', 84.06, '2025-05-25'),
(656, 20034, 3, 'Tugas', 73.12, '2025-05-30'),
(657, 20034, 3, 'UTS', 78.88, '2025-04-18'),
(658, 20034, 3, 'UAS', 73.75, '2025-06-25'),
(659, 20035, 3, 'UH', 74.78, '2025-05-01'),
(660, 20035, 3, 'UH', 85.69, '2025-05-07'),
(661, 20035, 3, 'UH', 86.72, '2025-05-14'),
(662, 20035, 3, 'UH', 79.18, '2025-05-21'),
(663, 20035, 3, 'UH', 67.01, '2025-05-28'),
(664, 20035, 3, 'Tugas', 83.63, '2025-05-01'),
(665, 20035, 3, 'Tugas', 77.16, '2025-05-07'),
(666, 20035, 3, 'Tugas', 87.29, '2025-05-14'),
(667, 20035, 3, 'Tugas', 82.25, '2025-05-21'),
(668, 20035, 3, 'Tugas', 71.03, '2025-05-28'),
(669, 20035, 3, 'Tugas', 72.15, '2025-05-05'),
(670, 20035, 3, 'Tugas', 69.08, '2025-05-11'),
(671, 20035, 3, 'Tugas', 74.25, '2025-05-18'),
(672, 20035, 3, 'Tugas', 69.95, '2025-05-25'),
(673, 20035, 3, 'Tugas', 75.15, '2025-05-30'),
(674, 20035, 3, 'UTS', 66.64, '2025-04-18'),
(675, 20035, 3, 'UAS', 67.91, '2025-06-25'),
(676, 20036, 3, 'UH', 65.22, '2025-05-01'),
(677, 20036, 3, 'UH', 76.57, '2025-05-07'),
(678, 20036, 3, 'UH', 85.02, '2025-05-14'),
(679, 20036, 3, 'UH', 75.76, '2025-05-21'),
(680, 20036, 3, 'UH', 72.22, '2025-05-28'),
(681, 20036, 3, 'Tugas', 83.01, '2025-05-01'),
(682, 20036, 3, 'Tugas', 66.66, '2025-05-07'),
(683, 20036, 3, 'Tugas', 89.01, '2025-05-14'),
(684, 20036, 3, 'Tugas', 75.01, '2025-05-21'),
(685, 20036, 3, 'Tugas', 89.6, '2025-05-28'),
(686, 20036, 3, 'Tugas', 71.24, '2025-05-05'),
(687, 20036, 3, 'Tugas', 66.14, '2025-05-11'),
(688, 20036, 3, 'Tugas', 80.22, '2025-05-18'),
(689, 20036, 3, 'Tugas', 87.28, '2025-05-25'),
(690, 20036, 3, 'Tugas', 71.64, '2025-05-30'),
(691, 20036, 3, 'UTS', 88.23, '2025-04-18'),
(692, 20036, 3, 'UAS', 84.3, '2025-06-25'),
(693, 20037, 3, 'UH', 77.93, '2025-05-01'),
(694, 20037, 3, 'UH', 70.81, '2025-05-07'),
(695, 20037, 3, 'UH', 79.77, '2025-05-14'),
(696, 20037, 3, 'UH', 70.11, '2025-05-21'),
(697, 20037, 3, 'UH', 81.78, '2025-05-28'),
(698, 20037, 3, 'Tugas', 70.86, '2025-05-01'),
(699, 20037, 3, 'Tugas', 88.28, '2025-05-07'),
(700, 20037, 3, 'Tugas', 79.87, '2025-05-14'),
(701, 20037, 3, 'Tugas', 65.94, '2025-05-21'),
(702, 20037, 3, 'Tugas', 80.64, '2025-05-28'),
(703, 20037, 3, 'Tugas', 88.69, '2025-05-05'),
(704, 20037, 3, 'Tugas', 89.06, '2025-05-11'),
(705, 20037, 3, 'Tugas', 80.84, '2025-05-18'),
(706, 20037, 3, 'Tugas', 85.54, '2025-05-25'),
(707, 20037, 3, 'Tugas', 74.06, '2025-05-30'),
(708, 20037, 3, 'UTS', 87.45, '2025-04-18'),
(709, 20037, 3, 'UAS', 75.22, '2025-06-25'),
(710, 20038, 3, 'UH', 89.13, '2025-05-01'),
(711, 20038, 3, 'UH', 80.55, '2025-05-07'),
(712, 20038, 3, 'UH', 67.61, '2025-05-14'),
(713, 20038, 3, 'UH', 72.88, '2025-05-21'),
(714, 20038, 3, 'UH', 87.43, '2025-05-28'),
(715, 20038, 3, 'Tugas', 86.82, '2025-05-01'),
(716, 20038, 3, 'Tugas', 77.38, '2025-05-07'),
(717, 20038, 3, 'Tugas', 85.03, '2025-05-14'),
(718, 20038, 3, 'Tugas', 74.86, '2025-05-21'),
(719, 20038, 3, 'Tugas', 83.13, '2025-05-28'),
(720, 20038, 3, 'Tugas', 84.19, '2025-05-05'),
(721, 20038, 3, 'Tugas', 81.93, '2025-05-11'),
(722, 20038, 3, 'Tugas', 70.59, '2025-05-18'),
(723, 20038, 3, 'Tugas', 70.99, '2025-05-25'),
(724, 20038, 3, 'Tugas', 87.49, '2025-05-30'),
(725, 20038, 3, 'UTS', 75.36, '2025-04-18'),
(726, 20038, 3, 'UAS', 66.71, '2025-06-25'),
(727, 20039, 3, 'UH', 84.72, '2025-05-01'),
(728, 20039, 3, 'UH', 80.15, '2025-05-07'),
(729, 20039, 3, 'UH', 88.76, '2025-05-14'),
(730, 20039, 3, 'UH', 82.46, '2025-05-21'),
(731, 20039, 3, 'UH', 68.19, '2025-05-28'),
(732, 20039, 3, 'Tugas', 89.74, '2025-05-01'),
(733, 20039, 3, 'Tugas', 79.58, '2025-05-07'),
(734, 20039, 3, 'Tugas', 80.86, '2025-05-14'),
(735, 20039, 3, 'Tugas', 81.8, '2025-05-21'),
(736, 20039, 3, 'Tugas', 78.3, '2025-05-28'),
(737, 20039, 3, 'Tugas', 85.64, '2025-05-05'),
(738, 20039, 3, 'Tugas', 84.5, '2025-05-11'),
(739, 20039, 3, 'Tugas', 86.92, '2025-05-18'),
(740, 20039, 3, 'Tugas', 77.6, '2025-05-25'),
(741, 20039, 3, 'Tugas', 88.11, '2025-05-30'),
(742, 20039, 3, 'UTS', 89.34, '2025-04-18'),
(743, 20039, 3, 'UAS', 68.79, '2025-06-25'),
(744, 20040, 3, 'UH', 75.57, '2025-05-01'),
(745, 20040, 3, 'UH', 73.74, '2025-05-07'),
(746, 20040, 3, 'UH', 76.22, '2025-05-14'),
(747, 20040, 3, 'UH', 79.48, '2025-05-21'),
(748, 20040, 3, 'UH', 69.77, '2025-05-28'),
(749, 20040, 3, 'Tugas', 89.06, '2025-05-01'),
(750, 20040, 3, 'Tugas', 88.45, '2025-05-07'),
(751, 20040, 3, 'Tugas', 70.32, '2025-05-14'),
(752, 20040, 3, 'Tugas', 79.36, '2025-05-21'),
(753, 20040, 3, 'Tugas', 82.34, '2025-05-28'),
(754, 20040, 3, 'Tugas', 79.79, '2025-05-05'),
(755, 20040, 3, 'Tugas', 77.1, '2025-05-11'),
(756, 20040, 3, 'Tugas', 77.29, '2025-05-18'),
(757, 20040, 3, 'Tugas', 73.02, '2025-05-25'),
(758, 20040, 3, 'Tugas', 88.75, '2025-05-30'),
(759, 20040, 3, 'UTS', 66.12, '2025-04-18'),
(760, 20040, 3, 'UAS', 72.74, '2025-06-25'),
(761, 20041, 3, 'UH', 74.24, '2025-05-01'),
(762, 20041, 3, 'UH', 89.35, '2025-05-07'),
(763, 20041, 3, 'UH', 68.32, '2025-05-14'),
(764, 20041, 3, 'UH', 89.41, '2025-05-21'),
(765, 20041, 3, 'UH', 73.61, '2025-05-28'),
(766, 20041, 3, 'Tugas', 69.88, '2025-05-01'),
(767, 20041, 3, 'Tugas', 82.98, '2025-05-07'),
(768, 20041, 3, 'Tugas', 88.34, '2025-05-14'),
(769, 20041, 3, 'Tugas', 68.36, '2025-05-21'),
(770, 20041, 3, 'Tugas', 73.02, '2025-05-28'),
(771, 20041, 3, 'Tugas', 74.14, '2025-05-05'),
(772, 20041, 3, 'Tugas', 84.55, '2025-05-11'),
(773, 20041, 3, 'Tugas', 74.87, '2025-05-18'),
(774, 20041, 3, 'Tugas', 72.62, '2025-05-25'),
(775, 20041, 3, 'Tugas', 73.54, '2025-05-30'),
(776, 20041, 3, 'UTS', 69.73, '2025-04-18'),
(777, 20041, 3, 'UAS', 84.23, '2025-06-25'),
(778, 20042, 3, 'UH', 81.06, '2025-05-01'),
(779, 20042, 3, 'UH', 72.91, '2025-05-07'),
(780, 20042, 3, 'UH', 88.21, '2025-05-14'),
(781, 20042, 3, 'UH', 77.95, '2025-05-21'),
(782, 20042, 3, 'UH', 70.28, '2025-05-28'),
(783, 20042, 3, 'Tugas', 79.97, '2025-05-01'),
(784, 20042, 3, 'Tugas', 75.11, '2025-05-07'),
(785, 20042, 3, 'Tugas', 82.2, '2025-05-14'),
(786, 20042, 3, 'Tugas', 68.41, '2025-05-21'),
(787, 20042, 3, 'Tugas', 89.18, '2025-05-28'),
(788, 20042, 3, 'Tugas', 68.27, '2025-05-05'),
(789, 20042, 3, 'Tugas', 72.27, '2025-05-11'),
(790, 20042, 3, 'Tugas', 73.33, '2025-05-18'),
(791, 20042, 3, 'Tugas', 67.97, '2025-05-25'),
(792, 20042, 3, 'Tugas', 70.95, '2025-05-30'),
(793, 20042, 3, 'UTS', 82.72, '2025-04-18'),
(794, 20042, 3, 'UAS', 88.5, '2025-06-25'),
(795, 20043, 3, 'UH', 71, '2025-05-01'),
(796, 20043, 3, 'UH', 78.4, '2025-05-07'),
(797, 20043, 3, 'UH', 89.23, '2025-05-14'),
(798, 20043, 3, 'UH', 68.27, '2025-05-21'),
(799, 20043, 3, 'UH', 81.14, '2025-05-28'),
(800, 20043, 3, 'Tugas', 82.33, '2025-05-01'),
(801, 20043, 3, 'Tugas', 68.43, '2025-05-07'),
(802, 20043, 3, 'Tugas', 65.8, '2025-05-14'),
(803, 20043, 3, 'Tugas', 65.45, '2025-05-21'),
(804, 20043, 3, 'Tugas', 81.39, '2025-05-28'),
(805, 20043, 3, 'Tugas', 89.93, '2025-05-05'),
(806, 20043, 3, 'Tugas', 70.74, '2025-05-11'),
(807, 20043, 3, 'Tugas', 70.18, '2025-05-18'),
(808, 20043, 3, 'Tugas', 72.7, '2025-05-25'),
(809, 20043, 3, 'Tugas', 69.5, '2025-05-30'),
(810, 20043, 3, 'UTS', 87.58, '2025-04-18'),
(811, 20043, 3, 'UAS', 71.2, '2025-06-25'),
(812, 20044, 3, 'UH', 74, '2025-05-01'),
(813, 20044, 3, 'UH', 76.99, '2025-05-07'),
(814, 20044, 3, 'UH', 67.13, '2025-05-14'),
(815, 20044, 3, 'UH', 70.61, '2025-05-21'),
(816, 20044, 3, 'UH', 75.36, '2025-05-28'),
(817, 20044, 3, 'Tugas', 79.98, '2025-05-01'),
(818, 20044, 3, 'Tugas', 65.27, '2025-05-07'),
(819, 20044, 3, 'Tugas', 69.07, '2025-05-14'),
(820, 20044, 3, 'Tugas', 71.38, '2025-05-21'),
(821, 20044, 3, 'Tugas', 89.24, '2025-05-28'),
(822, 20044, 3, 'Tugas', 78.48, '2025-05-05'),
(823, 20044, 3, 'Tugas', 85.32, '2025-05-11'),
(824, 20044, 3, 'Tugas', 73.54, '2025-05-18'),
(825, 20044, 3, 'Tugas', 68.84, '2025-05-25'),
(826, 20044, 3, 'Tugas', 68.51, '2025-05-30'),
(827, 20044, 3, 'UTS', 82.52, '2025-04-18'),
(828, 20044, 3, 'UAS', 71.98, '2025-06-25'),
(829, 20045, 3, 'UH', 82.51, '2025-05-01'),
(830, 20045, 3, 'UH', 86.09, '2025-05-07'),
(831, 20045, 3, 'UH', 70.94, '2025-05-14'),
(832, 20045, 3, 'UH', 84.28, '2025-05-21'),
(833, 20045, 3, 'UH', 84.33, '2025-05-28'),
(834, 20045, 3, 'Tugas', 66.28, '2025-05-01'),
(835, 20045, 3, 'Tugas', 77.83, '2025-05-07'),
(836, 20045, 3, 'Tugas', 79.11, '2025-05-14'),
(837, 20045, 3, 'Tugas', 79.2, '2025-05-21'),
(838, 20045, 3, 'Tugas', 83.65, '2025-05-28'),
(839, 20045, 3, 'Tugas', 73.43, '2025-05-05'),
(840, 20045, 3, 'Tugas', 67.62, '2025-05-11'),
(841, 20045, 3, 'Tugas', 84.9, '2025-05-18'),
(842, 20045, 3, 'Tugas', 67.75, '2025-05-25'),
(843, 20045, 3, 'Tugas', 87.98, '2025-05-30'),
(844, 20045, 3, 'UTS', 86.35, '2025-04-18'),
(845, 20045, 3, 'UAS', 81.2, '2025-06-25'),
(846, 20046, 3, 'UH', 70.61, '2025-05-01'),
(847, 20046, 3, 'UH', 79.82, '2025-05-07'),
(848, 20046, 3, 'UH', 80.52, '2025-05-14'),
(849, 20046, 3, 'UH', 70.39, '2025-05-21'),
(850, 20046, 3, 'UH', 68.1, '2025-05-28'),
(851, 20046, 3, 'Tugas', 84.3, '2025-05-01'),
(852, 20046, 3, 'Tugas', 84.27, '2025-05-07'),
(853, 20046, 3, 'Tugas', 75.36, '2025-05-14'),
(854, 20046, 3, 'Tugas', 79.1, '2025-05-21'),
(855, 20046, 3, 'Tugas', 66.63, '2025-05-28'),
(856, 20046, 3, 'Tugas', 78.28, '2025-05-05'),
(857, 20046, 3, 'Tugas', 76.54, '2025-05-11'),
(858, 20046, 3, 'Tugas', 86.43, '2025-05-18'),
(859, 20046, 3, 'Tugas', 71.58, '2025-05-25'),
(860, 20046, 3, 'Tugas', 73.86, '2025-05-30'),
(861, 20046, 3, 'UTS', 85.36, '2025-04-18'),
(862, 20046, 3, 'UAS', 87.59, '2025-06-25'),
(863, 20047, 3, 'UH', 88.49, '2025-05-01'),
(864, 20047, 3, 'UH', 76.06, '2025-05-07'),
(865, 20047, 3, 'UH', 83.72, '2025-05-14'),
(866, 20047, 3, 'UH', 89.56, '2025-05-21'),
(867, 20047, 3, 'UH', 88.95, '2025-05-28'),
(868, 20047, 3, 'Tugas', 83.24, '2025-05-01'),
(869, 20047, 3, 'Tugas', 73.72, '2025-05-07'),
(870, 20047, 3, 'Tugas', 87.76, '2025-05-14'),
(871, 20047, 3, 'Tugas', 66.53, '2025-05-21'),
(872, 20047, 3, 'Tugas', 77.12, '2025-05-28'),
(873, 20047, 3, 'Tugas', 69.89, '2025-05-05'),
(874, 20047, 3, 'Tugas', 68.82, '2025-05-11'),
(875, 20047, 3, 'Tugas', 75.65, '2025-05-18'),
(876, 20047, 3, 'Tugas', 75.05, '2025-05-25'),
(877, 20047, 3, 'Tugas', 72.85, '2025-05-30'),
(878, 20047, 3, 'UTS', 79.15, '2025-04-18'),
(879, 20047, 3, 'UAS', 70.28, '2025-06-25'),
(880, 20048, 3, 'UH', 76.48, '2025-05-01'),
(881, 20048, 3, 'UH', 65.77, '2025-05-07'),
(882, 20048, 3, 'UH', 76.55, '2025-05-14'),
(883, 20048, 3, 'UH', 83.44, '2025-05-21'),
(884, 20048, 3, 'UH', 86.31, '2025-05-28'),
(885, 20048, 3, 'Tugas', 70.91, '2025-05-01'),
(886, 20048, 3, 'Tugas', 77.71, '2025-05-07'),
(887, 20048, 3, 'Tugas', 76.08, '2025-05-14'),
(888, 20048, 3, 'Tugas', 89.33, '2025-05-21'),
(889, 20048, 3, 'Tugas', 66.02, '2025-05-28'),
(890, 20048, 3, 'Tugas', 70.86, '2025-05-05'),
(891, 20048, 3, 'Tugas', 72.46, '2025-05-11'),
(892, 20048, 3, 'Tugas', 81.42, '2025-05-18'),
(893, 20048, 3, 'Tugas', 79.66, '2025-05-25'),
(894, 20048, 3, 'Tugas', 68.83, '2025-05-30'),
(895, 20048, 3, 'UTS', 86.28, '2025-04-18'),
(896, 20048, 3, 'UAS', 83.87, '2025-06-25'),
(897, 20049, 3, 'UH', 89.33, '2025-05-01'),
(898, 20049, 3, 'UH', 76.54, '2025-05-07'),
(899, 20049, 3, 'UH', 83.63, '2025-05-14'),
(900, 20049, 3, 'UH', 79.86, '2025-05-21'),
(901, 20049, 3, 'UH', 81.23, '2025-05-28'),
(902, 20049, 3, 'Tugas', 79.8, '2025-05-01'),
(903, 20049, 3, 'Tugas', 78.75, '2025-05-07'),
(904, 20049, 3, 'Tugas', 65.29, '2025-05-14'),
(905, 20049, 3, 'Tugas', 70.45, '2025-05-21'),
(906, 20049, 3, 'Tugas', 73.62, '2025-05-28'),
(907, 20049, 3, 'Tugas', 75.71, '2025-05-05'),
(908, 20049, 3, 'Tugas', 81.42, '2025-05-11'),
(909, 20049, 3, 'Tugas', 66.1, '2025-05-18'),
(910, 20049, 3, 'Tugas', 71.02, '2025-05-25'),
(911, 20049, 3, 'Tugas', 71.41, '2025-05-30'),
(912, 20049, 3, 'UTS', 75.82, '2025-04-18'),
(913, 20049, 3, 'UAS', 70.33, '2025-06-25'),
(914, 20050, 3, 'UH', 75.96, '2025-05-01'),
(915, 20050, 3, 'UH', 69.94, '2025-05-07'),
(916, 20050, 3, 'UH', 69.69, '2025-05-14'),
(917, 20050, 3, 'UH', 89.51, '2025-05-21'),
(918, 20050, 3, 'UH', 72.83, '2025-05-28'),
(919, 20050, 3, 'Tugas', 76.87, '2025-05-01'),
(920, 20050, 3, 'Tugas', 75.64, '2025-05-07'),
(921, 20050, 3, 'Tugas', 74.66, '2025-05-14'),
(922, 20050, 3, 'Tugas', 66.77, '2025-05-21'),
(923, 20050, 3, 'Tugas', 88.88, '2025-05-28'),
(924, 20050, 3, 'Tugas', 84.61, '2025-05-05'),
(925, 20050, 3, 'Tugas', 86.6, '2025-05-11'),
(926, 20050, 3, 'Tugas', 86.34, '2025-05-18'),
(927, 20050, 3, 'Tugas', 80.46, '2025-05-25'),
(928, 20050, 3, 'Tugas', 80.63, '2025-05-30'),
(929, 20050, 3, 'UTS', 89.73, '2025-04-18');

--
-- Dumping data untuk tabel `role`
--

INSERT INTO `role` (`id`, `name`) VALUES
(1, 'admin'),
(2, 'guru'),
(3, 'murid');

--
-- Dumping data untuk tabel `semester`
--

INSERT INTO `semester` (`id_semester`, `semester`) VALUES
('0', 'genap'),
('1', 'ganjil');

--
-- Dumping data untuk tabel `siswa`
--

INSERT INTO `siswa` (`nis`, `nisn`, `nama`, `id_gender`, `tempat_lahir`, `tanggal_lahir`, `alamat`, `no_hp`, `nama_ayah`, `nama_ibu`, `penghasilan_ayah`, `penghasilan_ibu`, `asal_sekolah`, `id_status`, `user_id`) VALUES
(20001, '99000001', 'Salman Alfaridzi', 'L', 'Tegal', '2004-05-01', 'balamoa', '08997635673', 'jokowi', 'kartini', 5000000, 5000000, 'sd balamoa 2', '1', 3),
(20002, '99000002', 'Ulya Kuswandari', 'L', 'Sorong', '2010-05-04', 'Gg. Monginsidi No. 707, Kupang, BB 73648', '083534174743', 'Raihan', 'Tari', 5349707, 5567012, 'SDN 46 Tebingtinggi', '1', 4),
(20003, '99000003', 'Rina Tampubolon', 'P', 'Pagaralam', '2009-04-07', 'Gg. Raya Ujungberung No. 702, Langsa, YO 86622', '081751969992', 'Rafi', 'Uli', 3903607, 3624521, 'SDN 11 Kota Administrasi Jakar', '1', 5),
(20004, '99000004', 'Kanda Pradana', 'L', 'Pekanbaru', '2009-07-23', 'Jl. Otto Iskandardinata No. 64, Jayapura, Nusa Tenggara Barat 24069', '086137536812', 'Wira', 'Winda', 3022701, 4820059, 'SDN 43 Kota Administrasi Jakar', '1', 6),
(20005, '99000005', 'Edison Gunawan', 'P', 'Tegal', '2009-08-10', 'Jl. Ahmad Yani No. 8, Magelang, KI 93406', '083919082822', 'Ikin', 'Farhunnisa', 6848812, 4659764, 'SDN 50 Tarakan', '1', 7),
(20006, '99000006', 'Chelsea Prayoga', 'L', 'Cirebon', '2009-01-29', 'Gang S. Parman No. 12, Pangkalpinang, JI 39077', '088020423937', 'Marsito', 'Paris', 4297256, 4545479, 'SDN 7 Makassar', '1', 8),
(20007, '99000007', 'Wage Prasetyo', 'P', 'Bitung', '2008-07-24', 'Jalan Rajawali Timur No. 6, Tangerang, SB 09260', '084806497890', 'Garan', 'Jessica', 4155649, 4722682, 'SDN 32 Yogyakarta', '1', 9),
(20008, '99000008', 'Lantar Saputra', 'L', 'Ambon', '2010-07-03', 'Gang Pacuan Kuda No. 27, Pangkalpinang, DI Yogyakarta 80001', '085431568664', 'Kemba', 'Eka', 5406403, 2407788, 'SDN 34 Singkawang', '1', 10),
(20009, '99000009', 'Usman Nuraini', 'P', 'Kota Administrasi Ja', '2009-09-25', 'Gang BKR No. 5, Semarang, Nusa Tenggara Timur 35573', '084492532959', 'Marsito', 'Lala', 6785452, 3920845, 'SDN 28 Padang Sidempuan', '1', 11),
(20010, '99000010', 'Jagapati Agustina', 'L', 'Binjai', '2010-06-17', 'Jalan Medokan Ayu No. 7, Sibolga, Sumatera Selatan 37647', '083527763960', 'Arta', 'Uli', 6918907, 5166908, 'SDN 35 Tegal', '1', 12),
(20011, '99000011', 'Cinta Kuswandari', 'P', 'Mataram', '2009-05-28', 'Jl. Rajawali Timur No. 453, Sibolga, Bali 24175', '088089610534', 'Dimaz', 'Zalindra', 6569985, 4664886, 'SDN 19 Pekanbaru', '1', 13),
(20012, '99000012', 'Kartika Riyanti', 'L', 'Denpasar', '2009-09-27', 'Gg. Cikutra Timur No. 062, Bau-Bau, DI Yogyakarta 45334', '084536944192', 'Cengkir', 'Kasiyah', 4990166, 5038262, 'SDN 21 Sorong', '1', 14),
(20013, '99000013', 'Raisa Widodo', 'P', 'Tangerang Selatan', '2010-08-15', 'Gang Cempaka No. 30, Solok, PA 37783', '081396397510', 'Pangeran', 'Yunita', 4705423, 3508738, 'SDN 22 Banjarbaru', '1', 15),
(20014, '99000014', 'Galuh Situmorang', 'L', 'Semarang', '2010-10-26', 'Jl. Sentot Alibasa No. 2, Kota Administrasi Jakarta Timur, Nusa Tenggara Barat 01193', '082545816729', 'Embuh', 'Samiah', 3449626, 3052411, 'SDN 26 Padang', '1', 16),
(20015, '99000015', 'Martana Saragih', 'P', 'Tebingtinggi', '2010-07-26', 'Gg. Surapati No. 98, Sukabumi, AC 29998', '088936399887', 'Eman', 'Lala', 3966083, 3473204, 'SDN 31 Manado', '1', 17),
(20016, '99000016', 'Rangga Winarsih', 'L', 'Meulaboh', '2009-01-17', 'Gg. Dipatiukur No. 39, Bandar Lampung, JK 19942', '084529282125', 'Galih', 'Patricia', 6837478, 2691268, 'SDN 3 Probolinggo', '1', 18),
(20017, '99000017', 'Zizi Mulyani', 'P', 'Pangkalpinang', '2011-04-24', 'Gang Moch. Ramdan No. 46, Palopo, Banten 52629', '081214313519', 'Kardi', 'Yuni', 4206936, 2350061, 'SDN 10 Sabang', '1', 19),
(20018, '99000018', 'Laksana Pradana', 'L', 'Magelang', '2010-08-25', 'Jalan Gegerkalong Hilir No. 9, Langsa, Kalimantan Selatan 92221', '086693897872', 'Salman', 'Victoria', 5416154, 2789512, 'SDN 48 Semarang', '1', 20),
(20019, '99000019', 'Latif Aniani', 'P', 'Kupang', '2010-08-19', 'Gg. Ahmad Dahlan No. 274, Tebingtinggi, KI 10573', '083307566250', 'Hartaka', 'Tania', 5005931, 2123075, 'SDN 18 Palopo', '1', 21),
(20020, '99000020', 'Kezia Wibisono', 'L', 'Bandung', '2008-08-19', 'Jl. Cihampelas No. 979, Pasuruan, Jawa Tengah 81784', '084814416361', 'Bagya', 'Nabila', 5756761, 5657136, 'SDN 26 Prabumulih', '1', 22),
(20021, '99000021', 'Vanesa Kusumo', 'P', 'Sorong', '2008-10-30', 'Gg. Asia Afrika No. 26, Denpasar, Banten 49195', '084275504352', 'Opan', 'Kamila', 3917432, 2806700, 'SDN 37 Yogyakarta', '1', 23),
(20022, '99000022', 'Harsaya Marpaung', 'L', 'Balikpapan', '2009-04-16', 'Gang Veteran No. 310, Kotamobagu, Maluku Utara 66223', '088140977757', 'Hasim', 'Tami', 3603660, 5251578, 'SDN 8 Binjai', '1', 24),
(20023, '99000023', 'Prayoga Winarno', 'P', 'Kota Administrasi Ja', '2010-07-11', 'Gg. Rawamangun No. 47, Banjarmasin, Gorontalo 35373', '082313505300', 'Latif', 'Salimah', 6077157, 2268842, 'SDN 42 Balikpapan', '1', 25),
(20024, '99000024', 'Safina Gunawan', 'L', 'Salatiga', '2009-10-23', 'Gg. Surapati No. 920, Bau-Bau, NT 48810', '084045189223', 'Jagapati', 'Vera', 5088211, 3613787, 'SDN 13 Tangerang', '1', 26),
(20025, '99000025', 'Kartika Puspasari', 'P', 'Bima', '2009-12-29', 'Gg. Dipenogoro No. 78, Kota Administrasi Jakarta Barat, BB 88025', '088201317217', 'Rahman', 'Raina', 5459873, 3163849, 'SDN 18 Kotamobagu', '1', 27),
(20026, '99000026', 'Garang Winarno', 'L', 'Pagaralam', '2009-05-06', 'Gang Asia Afrika No. 436, Bekasi, SU 63708', '084797990718', 'Margana', 'Diana', 6161251, 4852569, 'SDN 27 Depok', '1', 28),
(20027, '99000027', 'Tasnim Iswahyudi', 'P', 'Tangerang', '2009-04-29', 'Jl. M.H Thamrin No. 35, Bukittinggi, Jawa Tengah 81492', '088616112822', 'Darman', 'Maimunah', 4428355, 5684865, 'SDN 25 Langsa', '1', 29),
(20028, '99000028', 'Mariadi Kusumo', 'L', 'Tegal', '2008-09-09', 'Jl. Ciumbuleuit No. 1, Palopo, Sumatera Selatan 09139', '085585272500', 'Bagya', 'Gina', 5671742, 5070841, 'SDN 17 Kota Administrasi Jakar', '1', 30),
(20029, '99000029', 'Puput Jailani', 'P', 'Bandung', '2010-07-28', 'Jl. Ciumbuleuit No. 81, Kendari, Sulawesi Selatan 01776', '081953570877', 'Lasmono', 'Vera', 6185623, 3210179, 'SDN 10 Kota Administrasi Jakar', '1', 31),
(20030, '99000030', 'Cemani Natsir', 'L', 'Madiun', '2011-02-15', 'Gang Suniaraja No. 043, Solok, Sumatera Barat 49118', '083764336462', 'Adikara', 'Latika', 4349769, 3973582, 'SDN 24 Bima', '1', 32),
(20031, '99000031', 'Maida Narpati', 'P', 'Batu', '2009-04-22', 'Gang KH Amin Jasuta No. 341, Bandar Lampung, BA 55988', '083728872294', 'Cahya', 'Sakura', 5867907, 3099792, 'SDN 36 Kediri', '1', 33),
(20032, '99000032', 'Vinsen Waluyo', 'L', 'Pagaralam', '2010-05-23', 'Jl. Kutai No. 5, Cimahi, BB 87970', '084027781699', 'Jagapati', 'Maida', 3160534, 2673410, 'SDN 41 Blitar', '1', 34),
(20033, '99000033', 'Jessica Narpati', 'P', 'Lubuklinggau', '2008-10-01', 'Jalan M.T Haryono No. 19, Purwokerto, YO 89753', '086160290319', 'Taswir', 'Vicky', 3513305, 3657289, 'SDN 26 Serang', '1', 35),
(20034, '99000034', 'Harto Mangunsong', 'L', 'Bandung', '2011-04-01', 'Jl. M.T Haryono No. 651, Ambon, SR 51360', '084502261055', 'Satya', 'Ika', 4635896, 5513288, 'SDN 5 Padang Sidempuan', '1', 36),
(20035, '99000035', 'Yani Hartati', 'P', 'Sawahlunto', '2009-10-01', 'Jl. K.H. Wahid Hasyim No. 59, Cimahi, Jawa Timur 64646', '087099346431', 'Caket', 'Titin', 3524314, 2928113, 'SDN 7 Bogor', '1', 37),
(20036, '99000036', 'Zizi Sirait', 'L', 'Buukittinggi', '2010-09-21', 'Jalan Jakarta No. 67, Gorontalo, JB 23386', '084366672746', 'Estiawan', 'Iriana', 6417459, 2536301, 'SDN 20 Tangerang', '1', 38),
(20037, '99000037', 'Sutan Lukita Dongoran', 'P', 'Samarinda', '2010-12-17', 'Gang Rungkut Industri No. 4, Bitung, Aceh 11987', '083662321406', 'Irsad', 'Victoria', 5768375, 5754281, 'SDN 2 Tangerang Selatan', '1', 39),
(20038, '99000038', 'Harja Simanjuntak', 'L', 'Malang', '2009-12-12', 'Jalan Suryakencana No. 8, Bandar Lampung, ST 34605', '086216392279', 'Mujur', 'Gasti', 6454944, 2947373, 'SDN 23 Palopo', '1', 40),
(20039, '99000039', 'Hartana Wahyuni', 'P', 'Kendari', '2009-09-09', 'Jl. Medokan Ayu No. 4, Lhokseumawe, LA 31380', '085799067527', 'Dimas', 'Samiah', 5928103, 3324317, 'SDN 13 Pasuruan', '1', 41),
(20040, '99000040', 'Cindy Anggriawan', 'L', 'Surakarta', '2008-08-04', 'Gang Raya Setiabudhi No. 6, Surakarta, JA 27887', '088805777574', 'Balidin', 'Yulia', 5101001, 4202127, 'SDN 10 Kota Administrasi Jakar', '1', 42),
(20041, '99000041', 'Patricia Prayoga', 'P', 'Tangerang', '2008-06-20', 'Gg. Ir. H. Djuanda No. 03, Sawahlunto, JK 21119', '083206630419', 'Kasusra', 'Eva', 6698862, 4788482, 'SDN 45 Palopo', '1', 43),
(20042, '99000042', 'Carla Irawan', 'L', 'Metro', '2008-12-31', 'Gg. Rajiman No. 6, Depok, NB 90732', '088404643169', 'Koko', 'Chelsea', 3006879, 5830031, 'SDN 25 Lubuklinggau', '1', 44),
(20043, '99000043', 'Gina Hutapea', 'P', 'Madiun', '2009-05-18', 'Gang Rajiman No. 066, Gorontalo, KS 57742', '089197887393', 'Kajen', 'Ghaliyati', 4113120, 5555686, 'SDN 41 Samarinda', '1', 45),
(20044, '99000044', 'Ulva Wasita', 'L', 'Goorontalo', '2010-09-07', 'Jalan Kebonjati No. 891, Surabaya, DI Yogyakarta 56943', '089085211229', 'Caraka', 'Cici', 5086070, 5086056, 'SDN 24 Denpasar', '1', 46),
(20045, '99000045', 'Suci Rajata', 'P', 'Metro', '2009-05-02', 'Jalan Raya Setiabudhi No. 23, Bandar Lampung, Sulawesi Selatan 37463', '081883952468', 'Cemani', 'Diah', 4788210, 3675811, 'SDN 3 Pariaman', '1', 47),
(20046, '99000046', 'Tri Sirait ', 'L', 'Madiun', '2008-11-21', 'Gang Jamika No. 5, Tidore Kepulauan, Kalimantan Utara 69645', '083629339450', 'Manah', 'Jamalia', 3791988, 4871070, 'SDN 30 Ternate', '1', 48),
(20047, '99000047', 'Hari Mandala', 'P', 'Sabang', '2009-05-24', 'Gg. Ronggowarsito No. 50, Kota Administrasi Jakarta Timur, Jawa Tengah 97130', '089463858417', 'Taufan', 'Nabila', 6249401, 3514094, 'SDN 40 Tasikmalaya', '1', 49),
(20048, '99000048', 'Puti Wulan Kuswoyo', 'L', 'Yogyakarta', '2009-07-28', 'Jalan HOS. Cokroaminoto No. 8, Palu, YO 82011', '088480156629', 'Tirtayasa', 'Kayla', 6878563, 5807993, 'SDN 49 Jayapura', '1', 50),
(20049, '99000049', 'Upik Sihotang', 'P', 'Meulaboh', '2009-06-22', 'Gang Kendalsari No. 119, Tanjungbalai, JK 61131', '083979617784', 'Bajragin', 'Salwa', 3515438, 5753624, 'SDN 43 Metro', '1', 51),
(20050, '99000050', 'Ayu Purnawati', 'L', 'Padangpanjang', '2009-07-14', 'Jalan Ciumbuleuit No. 2, Batam, KS 56258', '086540159636', 'Niyaga', 'Ratna', 3015723, 4656067, 'SDN 24 Jambi', '1', 52),
(20051, '99000081', 'Dinaandi', 'P', 'Bukittinggi', '2009-08-29', 'Jl. Kutisari Selatan', '087015430391', 'Bakiadi', 'Uchita', 3652128, 3903091, 'SDN 3', '1', 91),
(20052, '99000082', 'Dinairfan', 'L', 'Batam', '2011-01-05', 'Jl. Kapten Muslihat', '08248963834', 'Heru', 'Salsabila', 3389004, 4593530, 'SDN 1', '1', 92),
(20053, '99000051', 'Andiani', 'L', 'Bandar Lampung', '2008-10-26', 'Jl. HOS. Cokroaminoto', '0819600133', 'Johan', 'Rahmi', 3104902, 6110288, 'SDN 3', '1', 61),
(20054, '99000052', 'Andibudi', 'L', 'Sabang', '2008-03-03', 'Jalan Cihampelas', '08265423511', 'Harjasa', 'Cinta', 3936213, 3585264, 'SDN 1', '1', 62),
(20055, '99000053', 'Andiwulan', 'L', 'Malang', '2011-08-13', 'Jalan Erlangga', '0816184959', 'Dadi', 'Tiara', 5476705, 4769668, 'SDN 1', '1', 63),
(20056, '99000054', 'Anidewi', 'L', 'Banjar', '2012-02-08', 'Gg. Ciwastra', '08647525534', 'Nardi', 'Sabrina', 3392986, 3917034, 'SDN 2', '1', 64),
(20057, '99000055', 'Arifbayu', 'L', 'Sibolga', '2011-11-18', 'Jl. Jamika', '086483503056', 'Embuh', 'Bella', 5354032, 3833985, 'SDN Jatibarang', '1', 65),
(20058, '99000056', 'Arifwahyu', 'P', 'Salatiga', '2009-02-26', 'Gg. Suniaraja', '082423884969', 'Heru', 'Karen', 3924594, 4884119, 'SDN Jatibarang', '1', 66),
(20059, '99000057', 'Bayuandi', 'P', 'Bogor', '2010-10-25', 'Jalan Cikapayang', '08226916697', 'Karsana', 'Hafshah', 6394997, 6646109, 'SDN 1', '1', 67),
(20060, '99000058', 'Budiwulan', 'L', 'Tangerang Selatan', '2007-06-15', 'Gang Gardujati', '086270482814', 'Saadat', 'Suci', 5928208, 4772573, 'SDN 3', '1', 68),
(20061, '99000061', 'Fajartari', 'P', 'Palembang', '2010-11-19', 'Jalan Pacuan Kuda', '081509839301', 'Nugraha', 'Siti', 6554649, 4442654, 'SDN Jatibarang', '1', 71),
(20062, '99000062', 'Irfanlia', 'P', 'Kediri', '2007-01-20', 'Gg. Ciumbuleuit', '0834738299', 'Jasmani', 'Hesti', 6385341, 3182244, 'SDN Tegal', '1', 72),
(20063, '99000063', 'Jokoani', 'L', 'Padang Sidempuan', '2008-02-06', 'Jl. Kapten Muslihat', '08566701065', 'Raharja', 'Zelda', 6868387, 4587688, 'SDN 1', '1', 73),
(20064, '99000064', 'Jokobudi', 'P', 'Kota Administrasi Ja', '2008-02-10', 'Gg. HOS. Cokroaminoto', '08247317810', 'Martana', 'Puput', 6478775, 5636706, 'SDN Jatibarang', '1', 74),
(20065, '99000065', 'Jokomega', 'P', 'Bekasi', '2008-06-28', 'Gg. Rajiman', '083602606474', 'Indra', 'Tami', 5421590, 3806516, 'SDN 1', '1', 75),
(20066, '99000066', 'Jokonina', 'L', 'Bukittinggi', '2008-02-04', 'Jalan Cikutra Barat', '08205009788', 'Candrakanta', 'Amelia', 5773539, 3955874, 'SDN 3', '1', 76),
(20067, '99000067', 'Jokotari', 'L', 'Denpasar', '2007-01-23', 'Jl. Surapati', '08939909169', 'Karya', 'Putri', 6587462, 3976395, 'SDN 1', '1', 77),
(20068, '99000068', 'Megamega', 'P', 'Kota Administrasi Ja', '2008-03-20', 'Jalan Pasirkoja', '082472510799', 'Baktianto', 'Belinda', 4165905, 4901740, 'SDN 3', '1', 78),
(20069, '99000069', 'Ninaandi', 'L', 'Pekalongan', '2008-09-25', 'Gg. Cikutra Timur', '085427849808', 'Eja', 'Salimah', 4552651, 4490113, 'SDN 2', '1', 79),
(20070, '99000070', 'Ninaarif', 'P', 'Bogor', '2008-09-23', 'Jl. M.H Thamrin', '08449353487', 'Dwi', 'Zulfa', 5943647, 6928614, 'SDN 1', '1', 80),
(20071, '99000071', 'Ninanina', 'L', 'Bekasi', '2011-11-16', 'Gang Cihampelas', '08524278680', 'Balidin', 'Citra', 5240345, 6058179, 'SDN 2', '1', 81),
(20072, '99000072', 'Ninarama', 'L', 'Probolinggo', '2006-10-14', 'Jalan Bangka Raya', '0845053315', 'Purwadi', 'Putri', 4938859, 4591551, 'SDN 3', '1', 82),
(20073, '99000073', 'Ramairfan', 'L', 'Solok', '2007-10-18', 'Jl. Jend. Sudirman', '0825634216', 'Teddy', 'Ani', 5871480, 4360140, 'SDN 1', '1', 83),
(20074, '99000074', 'Ramajoko', 'L', 'Jayapura', '2008-03-06', 'Gang Rajawali Timur', '083036541458', 'Heru', 'Shania', 6446889, 3134638, 'SDN 3', '1', 84),
(20075, '99000075', 'Sitidewi', 'P', 'Bandar Lampung', '2007-06-18', 'Jalan Indragiri', '08196556981', 'Harsana', 'Ratih', 4122986, 3277615, 'SDN 2', '1', 85),
(20076, '99000076', 'Sitimega', 'P', 'Kota Administrasi Ja', '2006-11-09', 'Jalan M.T Haryono', '0835615951', 'Najib', 'Ifa', 3891820, 5749109, 'SDN Tegal', '1', 86),
(20077, '99000077', 'Tarinina', 'P', 'Surakarta', '2009-12-14', 'Gang PHH. Mustofa', '0823662994', 'Halim', 'Pia', 6710630, 6835890, 'SDN Tegal', '1', 87),
(20078, '99000078', 'Tariwulan', 'L', 'Langsa', '2008-12-02', 'Gg. Indragiri', '087773872148', 'Mujur', 'Siska', 4110987, 3585652, 'SDN 2', '1', 88),
(20079, '99000079', 'Wahyudewi', 'P', 'Bekasi', '2008-06-23', 'Jalan Kiaracondong', '0839791769', 'Dagel', 'Tina', 6133203, 5451931, 'SDN Tegal', '1', 89),
(20080, '99000080', 'Wulandina', 'P', 'Payakumbuh', '2009-11-17', 'Jl. Suryakencana', '08163287083', 'Vero', 'Zizi', 4518323, 3919897, 'SDN 2', '1', 90);

--
-- Dumping data untuk tabel `status`
--

INSERT INTO `status` (`id_status`, `status`) VALUES
('0', 'tidak aktif '),
('1', 'aktif');

--
-- Dumping data untuk tabel `tagihan`
--

INSERT INTO `tagihan` (`id_tagihan`, `user_id`, `semester`, `tahun_ajaran`, `deskripsi`, `total`, `created_at`) VALUES
(6, 3, 'Ganjil', '2024/2025', 'SPP Bulanan - Juni 2024/2025 Ganjil', 100, '2025-06-08 20:07:37'),
(7, 3, 'Ganjil', '2024/2025', 'Uang Ujian 2024/2025 Ganjil', 100, '2025-06-08 20:07:37'),
(8, 4, 'Ganjil', '2024/2025', 'SPP Bulanan - Juni 2024/2025 Ganjil', 10000, '2025-06-08 20:07:37'),
(9, 4, 'Ganjil', '2024/2025', 'Uang Ujian 2024/2025 Ganjil', 1000000, '2025-06-08 20:07:37'),
(10, 5, 'Ganjil', '2024/2025', 'SPP Bulanan - Juni 2024/2025 Ganjil', 10000, '2025-06-08 20:07:37'),
(11, 5, 'Ganjil', '2024/2025', 'Uang Ujian 2024/2025 Ganjil', 1000000, '2025-06-08 20:07:37'),
(12, 6, 'Ganjil', '2024/2025', 'SPP Bulanan - Juni 2024/2025 Ganjil', 10000, '2025-06-08 20:07:37'),
(13, 6, 'Ganjil', '2024/2025', 'Uang Ujian 2024/2025 Ganjil', 1000000, '2025-06-08 20:07:37'),
(14, 7, 'Ganjil', '2024/2025', 'SPP Bulanan - Juni 2024/2025 Ganjil', 10000, '2025-06-08 20:07:37'),
(15, 7, 'Ganjil', '2024/2025', 'Uang Ujian 2024/2025 Ganjil', 1000000, '2025-06-08 20:07:37'),
(16, 8, 'Ganjil', '2024/2025', 'SPP Bulanan - Juni 2024/2025 Ganjil', 10000, '2025-06-08 20:07:37'),
(17, 8, 'Ganjil', '2024/2025', 'Uang Ujian 2024/2025 Ganjil', 1000000, '2025-06-08 20:07:37'),
(18, 9, 'Ganjil', '2024/2025', 'SPP Bulanan - Juni 2024/2025 Ganjil', 10000, '2025-06-08 20:07:37'),
(19, 9, 'Ganjil', '2024/2025', 'Uang Ujian 2024/2025 Ganjil', 1000000, '2025-06-08 20:07:37'),
(20, 10, 'Ganjil', '2024/2025', 'SPP Bulanan - Juni 2024/2025 Ganjil', 10000, '2025-06-08 20:07:37'),
(21, 10, 'Ganjil', '2024/2025', 'Uang Ujian 2024/2025 Ganjil', 1000000, '2025-06-08 20:07:37'),
(22, 11, 'Ganjil', '2024/2025', 'SPP Bulanan - Juni 2024/2025 Ganjil', 10000, '2025-06-08 20:07:37'),
(23, 11, 'Ganjil', '2024/2025', 'Uang Ujian 2024/2025 Ganjil', 1000000, '2025-06-08 20:07:37'),
(24, 12, 'Ganjil', '2024/2025', 'SPP Bulanan - Juni 2024/2025 Ganjil', 10000, '2025-06-08 20:07:37'),
(25, 12, 'Ganjil', '2024/2025', 'Uang Ujian 2024/2025 Ganjil', 1000000, '2025-06-08 20:07:37'),
(26, 13, 'Ganjil', '2024/2025', 'SPP Bulanan - Juni 2024/2025 Ganjil', 10000, '2025-06-08 20:07:37'),
(27, 13, 'Ganjil', '2024/2025', 'Uang Ujian 2024/2025 Ganjil', 1000000, '2025-06-08 20:07:37'),
(28, 14, 'Ganjil', '2024/2025', 'SPP Bulanan - Juni 2024/2025 Ganjil', 10000, '2025-06-08 20:07:37'),
(29, 14, 'Ganjil', '2024/2025', 'Uang Ujian 2024/2025 Ganjil', 1000000, '2025-06-08 20:07:37'),
(30, 15, 'Ganjil', '2024/2025', 'SPP Bulanan - Juni 2024/2025 Ganjil', 10000, '2025-06-08 20:07:37'),
(31, 15, 'Ganjil', '2024/2025', 'Uang Ujian 2024/2025 Ganjil', 1000000, '2025-06-08 20:07:37'),
(32, 16, 'Ganjil', '2024/2025', 'SPP Bulanan - Juni 2024/2025 Ganjil', 10000, '2025-06-08 20:07:37'),
(33, 16, 'Ganjil', '2024/2025', 'Uang Ujian 2024/2025 Ganjil', 1000000, '2025-06-08 20:07:37'),
(34, 17, 'Ganjil', '2024/2025', 'SPP Bulanan - Juni 2024/2025 Ganjil', 10000, '2025-06-08 20:07:37'),
(35, 17, 'Ganjil', '2024/2025', 'Uang Ujian 2024/2025 Ganjil', 1000000, '2025-06-08 20:07:37'),
(36, 18, 'Ganjil', '2024/2025', 'SPP Bulanan - Juni 2024/2025 Ganjil', 10000, '2025-06-08 20:07:37'),
(37, 18, 'Ganjil', '2024/2025', 'Uang Ujian 2024/2025 Ganjil', 1000000, '2025-06-08 20:07:37'),
(38, 19, 'Ganjil', '2024/2025', 'SPP Bulanan - Juni 2024/2025 Ganjil', 10000, '2025-06-08 20:07:37'),
(39, 19, 'Ganjil', '2024/2025', 'Uang Ujian 2024/2025 Ganjil', 1000000, '2025-06-08 20:07:37'),
(40, 20, 'Ganjil', '2024/2025', 'SPP Bulanan - Juni 2024/2025 Ganjil', 10000, '2025-06-08 20:07:37'),
(41, 20, 'Ganjil', '2024/2025', 'Uang Ujian 2024/2025 Ganjil', 1000000, '2025-06-08 20:07:37'),
(42, 21, 'Ganjil', '2024/2025', 'SPP Bulanan - Juni 2024/2025 Ganjil', 10000, '2025-06-08 20:07:37'),
(43, 21, 'Ganjil', '2024/2025', 'Uang Ujian 2024/2025 Ganjil', 1000000, '2025-06-08 20:07:37'),
(44, 22, 'Ganjil', '2024/2025', 'SPP Bulanan - Juni 2024/2025 Ganjil', 10000, '2025-06-08 20:07:37'),
(45, 22, 'Ganjil', '2024/2025', 'Uang Ujian 2024/2025 Ganjil', 1000000, '2025-06-08 20:07:37'),
(46, 23, 'Ganjil', '2024/2025', 'SPP Bulanan - Juni 2024/2025 Ganjil', 10000, '2025-06-08 20:07:37'),
(47, 23, 'Ganjil', '2024/2025', 'Uang Ujian 2024/2025 Ganjil', 1000000, '2025-06-08 20:07:37'),
(48, 24, 'Ganjil', '2024/2025', 'SPP Bulanan - Juni 2024/2025 Ganjil', 10000, '2025-06-08 20:07:37'),
(49, 24, 'Ganjil', '2024/2025', 'Uang Ujian 2024/2025 Ganjil', 1000000, '2025-06-08 20:07:37'),
(50, 25, 'Ganjil', '2024/2025', 'SPP Bulanan - Juni 2024/2025 Ganjil', 10000, '2025-06-08 20:07:37'),
(51, 25, 'Ganjil', '2024/2025', 'Uang Ujian 2024/2025 Ganjil', 1000000, '2025-06-08 20:07:37'),
(52, 26, 'Ganjil', '2024/2025', 'SPP Bulanan - Juni 2024/2025 Ganjil', 10000, '2025-06-08 20:07:37'),
(53, 26, 'Ganjil', '2024/2025', 'Uang Ujian 2024/2025 Ganjil', 1000000, '2025-06-08 20:07:37'),
(54, 27, 'Ganjil', '2024/2025', 'SPP Bulanan - Juni 2024/2025 Ganjil', 10000, '2025-06-08 20:07:37'),
(55, 27, 'Ganjil', '2024/2025', 'Uang Ujian 2024/2025 Ganjil', 1000000, '2025-06-08 20:07:37'),
(56, 28, 'Ganjil', '2024/2025', 'SPP Bulanan - Juni 2024/2025 Ganjil', 10000, '2025-06-08 20:07:37'),
(57, 28, 'Ganjil', '2024/2025', 'Uang Ujian 2024/2025 Ganjil', 1000000, '2025-06-08 20:07:37'),
(58, 29, 'Ganjil', '2024/2025', 'SPP Bulanan - Juni 2024/2025 Ganjil', 10000, '2025-06-08 20:07:37'),
(59, 29, 'Ganjil', '2024/2025', 'Uang Ujian 2024/2025 Ganjil', 1000000, '2025-06-08 20:07:37'),
(60, 30, 'Ganjil', '2024/2025', 'SPP Bulanan - Juni 2024/2025 Ganjil', 10000, '2025-06-08 20:07:37'),
(61, 30, 'Ganjil', '2024/2025', 'Uang Ujian 2024/2025 Ganjil', 1000000, '2025-06-08 20:07:37'),
(62, 31, 'Ganjil', '2024/2025', 'SPP Bulanan - Juni 2024/2025 Ganjil', 10000, '2025-06-08 20:07:37'),
(63, 31, 'Ganjil', '2024/2025', 'Uang Ujian 2024/2025 Ganjil', 1000000, '2025-06-08 20:07:37'),
(64, 32, 'Ganjil', '2024/2025', 'SPP Bulanan - Juni 2024/2025 Ganjil', 10000, '2025-06-08 20:07:37'),
(65, 32, 'Ganjil', '2024/2025', 'Uang Ujian 2024/2025 Ganjil', 1000000, '2025-06-08 20:07:37'),
(66, 33, 'Ganjil', '2024/2025', 'SPP Bulanan - Juni 2024/2025 Ganjil', 10000, '2025-06-08 20:07:37'),
(67, 33, 'Ganjil', '2024/2025', 'Uang Ujian 2024/2025 Ganjil', 1000000, '2025-06-08 20:07:37'),
(68, 34, 'Ganjil', '2024/2025', 'SPP Bulanan - Juni 2024/2025 Ganjil', 10000, '2025-06-08 20:07:37'),
(69, 34, 'Ganjil', '2024/2025', 'Uang Ujian 2024/2025 Ganjil', 1000000, '2025-06-08 20:07:37'),
(70, 35, 'Ganjil', '2024/2025', 'SPP Bulanan - Juni 2024/2025 Ganjil', 10000, '2025-06-08 20:07:37'),
(71, 35, 'Ganjil', '2024/2025', 'Uang Ujian 2024/2025 Ganjil', 1000000, '2025-06-08 20:07:37'),
(72, 36, 'Ganjil', '2024/2025', 'SPP Bulanan - Juni 2024/2025 Ganjil', 10000, '2025-06-08 20:07:38'),
(73, 36, 'Ganjil', '2024/2025', 'Uang Ujian 2024/2025 Ganjil', 1000000, '2025-06-08 20:07:38'),
(74, 37, 'Ganjil', '2024/2025', 'SPP Bulanan - Juni 2024/2025 Ganjil', 10000, '2025-06-08 20:07:38'),
(75, 37, 'Ganjil', '2024/2025', 'Uang Ujian 2024/2025 Ganjil', 1000000, '2025-06-08 20:07:38'),
(76, 38, 'Ganjil', '2024/2025', 'SPP Bulanan - Juni 2024/2025 Ganjil', 10000, '2025-06-08 20:07:38'),
(77, 38, 'Ganjil', '2024/2025', 'Uang Ujian 2024/2025 Ganjil', 1000000, '2025-06-08 20:07:38'),
(78, 39, 'Ganjil', '2024/2025', 'SPP Bulanan - Juni 2024/2025 Ganjil', 10000, '2025-06-08 20:07:38'),
(79, 39, 'Ganjil', '2024/2025', 'Uang Ujian 2024/2025 Ganjil', 1000000, '2025-06-08 20:07:38'),
(80, 40, 'Ganjil', '2024/2025', 'SPP Bulanan - Juni 2024/2025 Ganjil', 10000, '2025-06-08 20:07:38'),
(81, 40, 'Ganjil', '2024/2025', 'Uang Ujian 2024/2025 Ganjil', 1000000, '2025-06-08 20:07:38'),
(82, 41, 'Ganjil', '2024/2025', 'SPP Bulanan - Juni 2024/2025 Ganjil', 10000, '2025-06-08 20:07:38'),
(83, 41, 'Ganjil', '2024/2025', 'Uang Ujian 2024/2025 Ganjil', 1000000, '2025-06-08 20:07:38'),
(84, 42, 'Ganjil', '2024/2025', 'SPP Bulanan - Juni 2024/2025 Ganjil', 10000, '2025-06-08 20:07:38'),
(85, 42, 'Ganjil', '2024/2025', 'Uang Ujian 2024/2025 Ganjil', 1000000, '2025-06-08 20:07:38'),
(86, 43, 'Ganjil', '2024/2025', 'SPP Bulanan - Juni 2024/2025 Ganjil', 10000, '2025-06-08 20:07:38'),
(87, 43, 'Ganjil', '2024/2025', 'Uang Ujian 2024/2025 Ganjil', 1000000, '2025-06-08 20:07:38'),
(88, 44, 'Ganjil', '2024/2025', 'SPP Bulanan - Juni 2024/2025 Ganjil', 10000, '2025-06-08 20:07:38'),
(89, 44, 'Ganjil', '2024/2025', 'Uang Ujian 2024/2025 Ganjil', 1000000, '2025-06-08 20:07:38'),
(90, 45, 'Ganjil', '2024/2025', 'SPP Bulanan - Juni 2024/2025 Ganjil', 10000, '2025-06-08 20:07:38'),
(91, 45, 'Ganjil', '2024/2025', 'Uang Ujian 2024/2025 Ganjil', 1000000, '2025-06-08 20:07:38'),
(92, 46, 'Ganjil', '2024/2025', 'SPP Bulanan - Juni 2024/2025 Ganjil', 10000, '2025-06-08 20:07:38'),
(93, 46, 'Ganjil', '2024/2025', 'Uang Ujian 2024/2025 Ganjil', 1000000, '2025-06-08 20:07:38'),
(94, 47, 'Ganjil', '2024/2025', 'SPP Bulanan - Juni 2024/2025 Ganjil', 10000, '2025-06-08 20:07:38'),
(95, 47, 'Ganjil', '2024/2025', 'Uang Ujian 2024/2025 Ganjil', 1000000, '2025-06-08 20:07:38'),
(96, 48, 'Ganjil', '2024/2025', 'SPP Bulanan - Juni 2024/2025 Ganjil', 10000, '2025-06-08 20:07:38'),
(97, 48, 'Ganjil', '2024/2025', 'Uang Ujian 2024/2025 Ganjil', 1000000, '2025-06-08 20:07:38'),
(98, 49, 'Ganjil', '2024/2025', 'SPP Bulanan - Juni 2024/2025 Ganjil', 10000, '2025-06-08 20:07:38'),
(99, 49, 'Ganjil', '2024/2025', 'Uang Ujian 2024/2025 Ganjil', 1000000, '2025-06-08 20:07:38'),
(100, 50, 'Ganjil', '2024/2025', 'SPP Bulanan - Juni 2024/2025 Ganjil', 10000, '2025-06-08 20:07:38'),
(101, 50, 'Ganjil', '2024/2025', 'Uang Ujian 2024/2025 Ganjil', 1000000, '2025-06-08 20:07:38'),
(102, 51, 'Ganjil', '2024/2025', 'SPP Bulanan - Juni 2024/2025 Ganjil', 10000, '2025-06-08 20:07:38'),
(103, 51, 'Ganjil', '2024/2025', 'Uang Ujian 2024/2025 Ganjil', 1000000, '2025-06-08 20:07:38'),
(104, 52, 'Ganjil', '2024/2025', 'SPP Bulanan - Juni 2024/2025 Ganjil', 10000, '2025-06-08 20:07:38'),
(105, 52, 'Ganjil', '2024/2025', 'Uang Ujian 2024/2025 Ganjil', 1000000, '2025-06-08 20:07:38'),
(1002, 3, 'Ganjil', '2024/2025', 'SPP Bulanan', 100000, '2025-05-29 00:00:00'),
(1003, 4, 'Ganjil', '2024/2025', 'SPP Bulanan', 100000, '2025-06-01 00:00:00'),
(1004, 5, 'Ganjil', '2024/2025', 'SPP Bulanan', 100000, '2025-06-05 00:00:00'),
(1005, 6, 'Ganjil', '2024/2025', 'SPP Bulanan', 100000, '2025-06-14 00:00:00'),
(1006, 7, 'Ganjil', '2024/2025', 'SPP Bulanan', 100000, '2025-06-21 00:00:00'),
(1007, 8, 'Ganjil', '2024/2025', 'SPP Bulanan', 100000, '2025-06-14 00:00:00'),
(1008, 9, 'Ganjil', '2024/2025', 'SPP Bulanan', 100000, '2025-06-14 00:00:00'),
(1009, 10, 'Ganjil', '2024/2025', 'SPP Bulanan', 100000, '2025-06-14 00:00:00'),
(1010, 11, 'Ganjil', '2024/2025', 'SPP Bulanan', 100000, '2025-05-28 00:00:00'),
(1011, 12, 'Ganjil', '2024/2025', 'SPP Bulanan', 835294, '2025-06-11 00:00:00'),
(1012, 13, 'Ganjil', '2024/2025', 'SPP Bulanan', 532237, '2025-05-31 00:00:00'),
(1013, 14, 'Ganjil', '2024/2025', 'SPP Bulanan', 620692, '2025-06-20 00:00:00'),
(1014, 15, 'Ganjil', '2024/2025', 'SPP Bulanan', 985109, '2025-06-24 00:00:00'),
(1015, 16, 'Ganjil', '2024/2025', 'SPP Bulanan', 738238, '2025-06-10 00:00:00'),
(1016, 17, 'Ganjil', '2024/2025', 'SPP Bulanan', 632353, '2025-06-16 00:00:00'),
(1017, 18, 'Ganjil', '2024/2025', 'SPP Bulanan', 592007, '2025-06-05 00:00:00'),
(1018, 19, 'Ganjil', '2024/2025', 'SPP Bulanan', 840817, '2025-06-15 00:00:00'),
(1019, 20, 'Ganjil', '2024/2025', 'SPP Bulanan', 548955, '2025-06-19 00:00:00'),
(1020, 21, 'Ganjil', '2024/2025', 'SPP Bulanan', 842354, '2025-06-07 00:00:00'),
(1021, 22, 'Ganjil', '2024/2025', 'SPP Bulanan', 716834, '2025-06-13 00:00:00'),
(1022, 23, 'Ganjil', '2024/2025', 'SPP Bulanan', 835974, '2025-06-03 00:00:00'),
(1023, 24, 'Ganjil', '2024/2025', 'SPP Bulanan', 556549, '2025-06-11 00:00:00'),
(1024, 25, 'Ganjil', '2024/2025', 'SPP Bulanan', 817799, '2025-05-31 00:00:00'),
(1025, 26, 'Ganjil', '2024/2025', 'SPP Bulanan', 546778, '2025-06-15 00:00:00'),
(1026, 27, 'Ganjil', '2024/2025', 'SPP Bulanan', 601586, '2025-06-12 00:00:00'),
(1027, 28, 'Ganjil', '2024/2025', 'SPP Bulanan', 982130, '2025-06-17 00:00:00'),
(1028, 29, 'Ganjil', '2024/2025', 'SPP Bulanan', 509311, '2025-06-02 00:00:00'),
(1029, 30, 'Ganjil', '2024/2025', 'SPP Bulanan', 850290, '2025-05-27 00:00:00'),
(1030, 31, 'Ganjil', '2024/2025', 'SPP Bulanan', 681729, '2025-06-23 00:00:00'),
(1031, 32, 'Ganjil', '2024/2025', 'SPP Bulanan', 751238, '2025-06-25 00:00:00'),
(1032, 33, 'Ganjil', '2024/2025', 'SPP Bulanan', 804530, '2025-06-23 00:00:00'),
(1033, 34, 'Ganjil', '2024/2025', 'SPP Bulanan', 668053, '2025-06-17 00:00:00'),
(1034, 35, 'Ganjil', '2024/2025', 'SPP Bulanan', 910251, '2025-06-04 00:00:00'),
(1035, 36, 'Ganjil', '2024/2025', 'SPP Bulanan', 595942, '2025-06-14 00:00:00'),
(1036, 37, 'Ganjil', '2024/2025', 'SPP Bulanan', 964112, '2025-06-03 00:00:00'),
(1037, 38, 'Ganjil', '2024/2025', 'SPP Bulanan', 644343, '2025-05-27 00:00:00'),
(1038, 39, 'Ganjil', '2024/2025', 'SPP Bulanan', 737370, '2025-06-23 00:00:00'),
(1039, 40, 'Ganjil', '2024/2025', 'SPP Bulanan', 720844, '2025-06-15 00:00:00'),
(1040, 41, 'Ganjil', '2024/2025', 'SPP Bulanan', 550330, '2025-06-09 00:00:00'),
(1041, 42, 'Ganjil', '2024/2025', 'SPP Bulanan', 945391, '2025-06-20 00:00:00'),
(1042, 43, 'Ganjil', '2024/2025', 'SPP Bulanan', 982524, '2025-05-29 00:00:00'),
(1043, 44, 'Ganjil', '2024/2025', 'SPP Bulanan', 508087, '2025-06-09 00:00:00'),
(1044, 45, 'Ganjil', '2024/2025', 'SPP Bulanan', 712226, '2025-06-05 00:00:00'),
(1045, 46, 'Ganjil', '2024/2025', 'SPP Bulanan', 828073, '2025-05-27 00:00:00'),
(1046, 47, 'Ganjil', '2024/2025', 'SPP Bulanan', 623021, '2025-06-11 00:00:00'),
(1047, 48, 'Ganjil', '2024/2025', 'SPP Bulanan', 978854, '2025-06-21 00:00:00'),
(1048, 49, 'Ganjil', '2024/2025', 'SPP Bulanan', 620941, '2025-06-20 00:00:00'),
(1049, 50, 'Ganjil', '2024/2025', 'SPP Bulanan', 517879, '2025-06-13 00:00:00'),
(1050, 51, 'Ganjil', '2024/2025', 'SPP Bulanan', 623384, '2025-06-10 00:00:00'),
(1051, 52, 'Ganjil', '2024/2025', 'SPP Bulanan', 858372, '2025-06-21 00:00:00'),
(1052, 91, 'Ganjil', '2024/2025', 'SPP Bulanan', 638958, '2025-06-09 00:00:00'),
(1053, 92, 'Ganjil', '2024/2025', 'SPP Bulanan', 508087, '2025-06-09 00:00:00'),
(1054, 61, 'Ganjil', '2024/2025', 'SPP Bulanan', 712226, '2025-06-05 00:00:00'),
(1055, 62, 'Ganjil', '2024/2025', 'SPP Bulanan', 828073, '2025-05-27 00:00:00'),
(1056, 63, 'Ganjil', '2024/2025', 'SPP Bulanan', 623021, '2025-06-11 00:00:00'),
(1057, 64, 'Ganjil', '2024/2025', 'SPP Bulanan', 978854, '2025-06-21 00:00:00'),
(1058, 65, 'Ganjil', '2024/2025', 'SPP Bulanan', 620941, '2025-06-20 00:00:00'),
(1059, 66, 'Ganjil', '2024/2025', 'SPP Bulanan', 517879, '2025-06-13 00:00:00'),
(1060, 67, 'Ganjil', '2024/2025', 'SPP Bulanan', 623384, '2025-06-10 00:00:00'),
(1061, 68, 'Ganjil', '2024/2025', 'SPP Bulanan', 858372, '2025-06-21 00:00:00'),
(1062, 71, 'Ganjil', '2024/2025', 'SPP Bulanan', 638958, '2025-06-09 00:00:00'),
(1063, 72, 'Ganjil', '2024/2025', 'SPP Bulanan', 508087, '2025-06-09 00:00:00'),
(1064, 73, 'Ganjil', '2024/2025', 'SPP Bulanan', 712226, '2025-06-05 00:00:00'),
(1065, 74, 'Ganjil', '2024/2025', 'SPP Bulanan', 828073, '2025-05-27 00:00:00'),
(1066, 75, 'Ganjil', '2024/2025', 'SPP Bulanan', 623021, '2025-06-11 00:00:00'),
(1067, 76, 'Ganjil', '2024/2025', 'SPP Bulanan', 978854, '2025-06-21 00:00:00'),
(1068, 77, 'Ganjil', '2024/2025', 'SPP Bulanan', 620941, '2025-06-20 00:00:00'),
(1069, 78, 'Ganjil', '2024/2025', 'SPP Bulanan', 517879, '2025-06-13 00:00:00'),
(1070, 79, 'Ganjil', '2024/2025', 'SPP Bulanan', 623384, '2025-06-10 00:00:00'),
(1071, 80, 'Ganjil', '2024/2025', 'SPP Bulanan', 858372, '2025-06-21 00:00:00'),
(1072, 81, 'Ganjil', '2024/2025', 'SPP Bulanan', 638958, '2025-06-09 00:00:00'),
(1073, 82, 'Ganjil', '2024/2025', 'SPP Bulanan', 508087, '2025-06-09 00:00:00'),
(1074, 83, 'Ganjil', '2024/2025', 'SPP Bulanan', 712226, '2025-06-05 00:00:00'),
(1075, 84, 'Ganjil', '2024/2025', 'SPP Bulanan', 828073, '2025-05-27 00:00:00'),
(1076, 85, 'Ganjil', '2024/2025', 'SPP Bulanan', 623021, '2025-06-11 00:00:00'),
(1077, 86, 'Ganjil', '2024/2025', 'SPP Bulanan', 978854, '2025-06-21 00:00:00'),
(1078, 87, 'Ganjil', '2024/2025', 'SPP Bulanan', 620941, '2025-06-20 00:00:00'),
(1079, 88, 'Ganjil', '2024/2025', 'SPP Bulanan', 517879, '2025-06-13 00:00:00'),
(1080, 89, 'Ganjil', '2024/2025', 'SPP Bulanan', 623384, '2025-06-10 00:00:00'),
(1081, 90, 'Ganjil', '2024/2025', 'SPP Bulanan', 623384, '2025-06-10 00:00:00'),
(1082, 3, 'Genap', '2019/2020', 'pembayaran less', 100, '2025-07-21 21:03:42');

--
-- Dumping data untuk tabel `tahun_akademik`
--

INSERT INTO `tahun_akademik` (`id_tahun_akademik`, `tahun_akademik`, `mulai`, `sampai`) VALUES
(1, '2019/2020', '2019-07-01', '2020-06-30'),
(2, '2020/2021', '2020-07-01', '2021-06-30'),
(3, '2021/2022', '2021-07-01', '2022-06-30'),
(4, '2022/2023', '2022-07-01', '2023-06-30'),
(5, '2023/2024', '2023-07-01', '2024-06-30'),
(6, '2024/2025', '2024-07-01', '2025-06-30'),
(7, '2025/2026', '2025-07-01', '2026-06-30');

--
-- Dumping data untuk tabel `transaksi`
--

INSERT INTO `transaksi` (`id_transaksi`, `kode_order`, `id_tagihan`, `nis`, `email`, `total`, `status`, `fraud_status`, `created_at`, `updated_at`) VALUES
(1, 'Bla-123', 1, NULL, 'man@gmail.com', 100000, 'paid', '0', NULL, NULL),
(2, 'ORD20001', 1002, 20001, 'man@gmail.com', 100000, 'settlement', NULL, '2025-05-29 00:00:00', NULL),
(3, 'ORD20002', 1003, 20002, 'ulyakuswandarispt0@mail.com', 100000, 'settlement', NULL, '2025-06-01 00:00:00', NULL),
(4, 'ORD20003', 1004, 20003, 'rinatampubolon1@mail.com', 100000, 'settlement', NULL, '2025-06-05 00:00:00', NULL),
(5, 'ORD20004', 1005, 20004, 'kandapradana2@mail.com', 100000, 'settlement', NULL, '2025-06-14 00:00:00', NULL),
(6, 'ORD20005', 1006, 20005, 'edisongunawan3@mail.com', 100000, 'settlement', NULL, '2025-06-21 00:00:00', NULL),
(7, 'ORD20006', 1007, 20006, 'chelseaprayoga4@mail.com', 100000, 'settlement', NULL, '2025-06-14 00:00:00', NULL),
(8, 'ORD20007', 1008, 20007, 'wageprasetyost5@mail.com', 100000, 'settlement', NULL, '2025-06-14 00:00:00', NULL),
(9, 'ORD20008', 1009, 20008, 'lantarsaputramkom6@mail.com', 100000, 'settlement', NULL, '2025-06-14 00:00:00', NULL),
(10, 'ORD20009', 1010, 20009, 'usmannuraini7@mail.com', 100000, 'settlement', NULL, '2025-05-28 00:00:00', NULL),
(11, 'ORD20010', 1011, 20010, 'jagapatiagustinamfarm8@mail.com', 835294, 'settlement', NULL, '2025-06-11 00:00:00', NULL),
(12, 'ORD20011', 1012, 20011, 'cintakuswandari9@mail.com', 532237, 'settlement', NULL, '2025-05-31 00:00:00', NULL),
(13, 'ORD20012', 1013, 20012, 'kartikariyanti10@mail.com', 620692, 'settlement', NULL, '2025-06-20 00:00:00', NULL),
(14, 'ORD20013', 1014, 20013, 'raisawidodo11@mail.com', 985109, 'settlement', NULL, '2025-06-24 00:00:00', NULL),
(15, 'ORD20014', 1015, 20014, 'galuhsitumorang12@mail.com', 738238, 'settlement', NULL, '2025-06-10 00:00:00', NULL),
(16, 'ORD20015', 1016, 20015, 'martanasaragih13@mail.com', 632353, 'settlement', NULL, '2025-06-16 00:00:00', NULL),
(17, 'ORD20016', 1017, 20016, 'ranggawinarsih14@mail.com', 592007, 'settlement', NULL, '2025-06-05 00:00:00', NULL),
(18, 'ORD20017', 1018, 20017, 'gzizimulyanimti15@mail.com', 840817, 'settlement', NULL, '2025-06-15 00:00:00', NULL),
(19, 'ORD20018', 1019, 20018, 'laksanapradana16@mail.com', 548955, 'settlement', NULL, '2025-06-19 00:00:00', NULL),
(20, 'ORD20019', 1020, 20019, 'khlatifaniani17@mail.com', 842354, 'settlement', NULL, '2025-06-07 00:00:00', NULL),
(21, 'ORD20020', 1021, 20020, 'keziawibisono18@mail.com', 716834, 'settlement', NULL, '2025-06-13 00:00:00', NULL),
(22, 'ORD20021', 1022, 20021, 'vanesakusumospsi19@mail.com', 835974, 'settlement', NULL, '2025-06-03 00:00:00', NULL),
(23, 'ORD20022', 1023, 20022, 'harsayamarpaung20@mail.com', 556549, 'settlement', NULL, '2025-06-11 00:00:00', NULL),
(24, 'ORD20023', 1024, 20023, 'prayogawinarnosfarm21@mail.com', 817799, 'settlement', NULL, '2025-05-31 00:00:00', NULL),
(25, 'ORD20024', 1025, 20024, 'drssafinagunawan22@mail.com', 546778, 'settlement', NULL, '2025-06-15 00:00:00', NULL),
(26, 'ORD20025', 1026, 20025, 'kartikapuspasari23@mail.com', 601586, 'settlement', NULL, '2025-06-12 00:00:00', NULL),
(27, 'ORD20026', 1027, 20026, 'garangwinarno24@mail.com', 982130, 'settlement', NULL, '2025-06-17 00:00:00', NULL),
(28, 'ORD20027', 1028, 20027, 'tasnimiswahyudi25@mail.com', 509311, 'settlement', NULL, '2025-06-02 00:00:00', NULL),
(29, 'ORD20028', 1029, 20028, 'mariadikusumo26@mail.com', 850290, 'settlement', NULL, '2025-05-27 00:00:00', NULL),
(30, 'ORD20029', 1030, 20029, 'drspuputjailani27@mail.com', 681729, 'settlement', NULL, '2025-06-23 00:00:00', NULL),
(31, 'ORD20030', 1031, 20030, 'cemaninatsir28@mail.com', 751238, 'settlement', NULL, '2025-06-25 00:00:00', NULL),
(32, 'ORD20031', 1032, 20031, 'maidanarpati29@mail.com', 804530, 'settlement', NULL, '2025-06-23 00:00:00', NULL),
(33, 'ORD20032', 1033, 20032, 'vinsenwaluyo30@mail.com', 668053, 'settlement', NULL, '2025-06-17 00:00:00', NULL),
(34, 'ORD20033', 1034, 20033, 'cutjessicanarpatisip31@mail.com', 910251, 'settlement', NULL, '2025-06-04 00:00:00', NULL),
(35, 'ORD20034', 1035, 20034, 'hartomangunsong32@mail.com', 595942, 'settlement', NULL, '2025-06-14 00:00:00', NULL),
(36, 'ORD20035', 1036, 20035, 'yanihartati33@mail.com', 964112, 'settlement', NULL, '2025-06-03 00:00:00', NULL),
(37, 'ORD20036', 1037, 20036, 'zizisirait34@mail.com', 644343, 'settlement', NULL, '2025-05-27 00:00:00', NULL),
(38, 'ORD20037', 1038, 20037, 'sutanlukitadongoran35@mail.com', 737370, 'settlement', NULL, '2025-06-23 00:00:00', NULL),
(39, 'ORD20038', 1039, 20038, 'harjasimanjuntak36@mail.com', 720844, 'settlement', NULL, '2025-06-15 00:00:00', NULL),
(40, 'ORD20039', 1040, 20039, 'hartanawahyuni37@mail.com', 550330, 'settlement', NULL, '2025-06-09 00:00:00', NULL),
(41, 'ORD20040', 1041, 20040, 'cindyanggriawan38@mail.com', 945391, 'settlement', NULL, '2025-06-20 00:00:00', NULL),
(42, 'ORD20041', 1042, 20041, 'patriciaprayoga39@mail.com', 982524, 'settlement', NULL, '2025-05-29 00:00:00', NULL),
(43, 'ORD20042', 1043, 20042, 'carlairawan40@mail.com', 508087, 'settlement', NULL, '2025-06-09 00:00:00', NULL),
(44, 'ORD20043', 1044, 20043, 'ginahutapea41@mail.com', 712226, 'settlement', NULL, '2025-06-05 00:00:00', NULL),
(45, 'ORD20044', 1045, 20044, 'ulvawasita42@mail.com', 828073, 'settlement', NULL, '2025-05-27 00:00:00', NULL),
(46, 'ORD20045', 1046, 20045, 'sucirajatamak43@mail.com', 623021, 'settlement', NULL, '2025-06-11 00:00:00', NULL),
(47, 'ORD20046', 1047, 20046, 'trisiraitse44@mail.com', 978854, 'settlement', NULL, '2025-06-21 00:00:00', NULL),
(48, 'ORD20047', 1048, 20047, 'rharimandala45@mail.com', 620941, 'settlement', NULL, '2025-06-20 00:00:00', NULL),
(49, 'ORD20048', 1049, 20048, 'putiwulankuswoyosei46@mail.com', 517879, 'settlement', NULL, '2025-06-13 00:00:00', NULL),
(50, 'ORD20049', 1050, 20049, 'upiksihotang47@mail.com', 623384, 'settlement', NULL, '2025-06-10 00:00:00', NULL),
(51, 'ORD20050', 1051, 20050, 'irayupurnawati48@mail.com', 858372, 'settlement', NULL, '2025-06-21 00:00:00', NULL),
(52, 'ORD20051', 1052, 20051, 'dinaandi@mail.com', 638958, 'settlement', NULL, '2025-06-09 00:00:00', NULL),
(53, 'ORD20052', 1053, 20052, 'dinairfan@mail.com', 508087, 'settlement', NULL, '2025-06-09 00:00:00', NULL),
(54, 'ORD20053', 1054, 20053, 'andiani@mail.com', 712226, 'settlement', NULL, '2025-06-05 00:00:00', NULL),
(55, 'ORD20054', 1055, 20054, 'andibudi@mail.com', 828073, 'settlement', NULL, '2025-05-27 00:00:00', NULL),
(56, 'ORD20055', 1056, 20055, 'andiwulan@mail.com', 623021, 'settlement', NULL, '2025-06-11 00:00:00', NULL),
(57, 'ORD20056', 1057, 20056, 'anidewi@mail.com', 978854, 'settlement', NULL, '2025-06-21 00:00:00', NULL),
(58, 'ORD20057', 1058, 20057, 'arifbayu@mail.com', 620941, 'settlement', NULL, '2025-06-20 00:00:00', NULL),
(59, 'ORD20058', 1059, 20058, 'arifwahyu@mail.com', 517879, 'settlement', NULL, '2025-06-13 00:00:00', NULL),
(60, 'ORD20059', 1060, 20059, 'bayuandi@mail.com', 623384, 'settlement', NULL, '2025-06-10 00:00:00', NULL),
(61, 'ORD20060', 1061, 20060, 'budiwulan@mail.com', 858372, 'settlement', NULL, '2025-06-21 00:00:00', NULL),
(62, 'ORD20061', 1062, 20061, 'fajartari@mail.com', 638958, 'settlement', NULL, '2025-06-09 00:00:00', NULL),
(63, 'ORD20062', 1063, 20062, 'irfanlia@mail.com', 508087, 'settlement', NULL, '2025-06-09 00:00:00', NULL),
(64, 'ORD20063', 1064, 20063, 'jokoani@mail.com', 712226, 'settlement', NULL, '2025-06-05 00:00:00', NULL),
(65, 'ORD20064', 1065, 20064, 'jokobudi@mail.com', 828073, 'settlement', NULL, '2025-05-27 00:00:00', NULL),
(66, 'ORD20065', 1066, 20065, 'jokomega@mail.com', 623021, 'settlement', NULL, '2025-06-11 00:00:00', NULL),
(67, 'ORD20066', 1067, 20066, 'jokonina@mail.com', 978854, 'settlement', NULL, '2025-06-21 00:00:00', NULL),
(68, 'ORD20067', 1068, 20067, 'jokotari@mail.com', 620941, 'settlement', NULL, '2025-06-20 00:00:00', NULL),
(69, 'ORD20068', 1069, 20068, 'megamega@mail.com', 517879, 'settlement', NULL, '2025-06-13 00:00:00', NULL),
(70, 'ORD20069', 1070, 20069, 'ninaandi@mail.com', 623384, 'settlement', NULL, '2025-06-10 00:00:00', NULL),
(71, 'ORD20070', 1071, 20070, 'ninaarif@mail.com', 858372, 'settlement', NULL, '2025-06-21 00:00:00', NULL),
(72, 'ORD20071', 1072, 20071, 'ninanina@mail.com', 638958, 'settlement', NULL, '2025-06-09 00:00:00', NULL),
(73, 'ORD20072', 1073, 20072, 'ninarama@mail.com', 508087, 'settlement', NULL, '2025-06-09 00:00:00', NULL),
(74, 'ORD20073', 1074, 20073, 'ramairfan@mail.com', 712226, 'settlement', NULL, '2025-06-05 00:00:00', NULL),
(75, 'ORD20074', 1075, 20074, 'ramajoko@mail.com', 828073, 'settlement', NULL, '2025-05-27 00:00:00', NULL),
(76, 'ORD20075', 1076, 20075, 'sitidewi@mail.com', 623021, 'settlement', NULL, '2025-06-11 00:00:00', NULL),
(77, 'ORD20076', 1077, 20076, 'sitimega@mail.com', 978854, 'settlement', NULL, '2025-06-21 00:00:00', NULL),
(78, 'ORD20077', 1078, 20077, 'tarinina@mail.com', 620941, 'settlement', NULL, '2025-06-20 00:00:00', NULL),
(79, 'ORD20078', 1079, 20078, 'tariwulan@mail.com', 517879, 'settlement', NULL, '2025-06-13 00:00:00', NULL),
(80, 'ORD20079', 1080, 20079, 'wahyudewi@mail.com', 623384, 'settlement', NULL, '2025-06-10 00:00:00', NULL),
(81, 'ORD20080', 1081, 20080, 'wulandina@mail.com', 623384, 'settlement', NULL, '2025-06-10 00:00:00', NULL),
(82, 'ORDER-badae653-80b8-4eb8-baf5-a9019859f65c', 6, NULL, 'man@gmail.com', 10000, 'pending', NULL, '2025-07-16 14:02:04', '2025-07-16 14:02:04'),
(83, 'ORDER-75d23193-2913-45c2-8dc7-05181e478fbd', 1082, NULL, 'man@gmail.com', 10005, 'pending', NULL, '2025-07-21 21:09:33', '2025-07-21 21:09:33'),
(84, 'ORDER-87e25b8d-634e-4d06-ad27-aba4424ba13c', 1082, NULL, 'man@gmail.com', 100, 'settlement', NULL, '2025-07-21 21:11:14', '2025-07-21 21:12:11'),
(85, 'ORDER-de8da5e2-2c00-4821-9050-f52618a6b6c7', 6, NULL, 'man@gmail.com', 100, 'pending', NULL, '2025-07-21 21:12:52', '2025-07-21 21:12:52'),
(86, 'ORDER-78933d52-156a-4200-bc1b-f3f684df91e9', 6, NULL, 'man@gmail.com', 100, 'settlement', NULL, '2025-07-21 21:13:14', '2025-07-21 21:13:56');

--
-- Dumping data untuk tabel `user`
--

INSERT INTO `user` (`id`, `username`, `password`, `nis`, `nip`, `email`, `active`, `reset_token`, `img_profile`) VALUES
(1, 'admin',    '$2b$12$0CDIw.GPbUrAsVfn4bhbKeEcwjRd.hyAqomQunp1S3gX1tmJvd2mC', NULL, NULL, 'mtsalhudabatang@gmail.com', 1, NULL, NULL),
(2, 'jamar',     '$2b$12$jUdOw7DYoMGhEZ7.UwpNJu707GTJZJ9zaRuKiPidCdjvA6NDWD5ka', NULL, '198005122020041001', 'pakarisW@mial.com', 1, NULL, NULL),
(3, 'Salman',      '$2b$12$N2D4cncbxLazOpAUX1GZnOsbyr7uFCTc41NtbxMgCO6ZGPJFtlHc.', 20001, NULL, 'man@gmail.com', 1, NULL, NULL),
(4, 'Ulya',        '$2b$12$N2D4cncbxLazOpAUX1GZnOsbyr7uFCTc41NtbxMgCO6ZGPJFtlHc.', 20002, NULL, 'ulyakuswandarispt0@mail.com', 1, NULL, NULL),
(5, 'Rina',        '$2b$12$N2D4cncbxLazOpAUX1GZnOsbyr7uFCTc41NtbxMgCO6ZGPJFtlHc.', 20003, NULL, 'rinatampubolon1@mail.com', 1, NULL, NULL),
(6, 'Kanda',       '$2b$12$N2D4cncbxLazOpAUX1GZnOsbyr7uFCTc41NtbxMgCO6ZGPJFtlHc.', 20004, NULL, 'kandapradana2@mail.com', 1, NULL, NULL),
(7, 'Edison',      '$2b$12$N2D4cncbxLazOpAUX1GZnOsbyr7uFCTc41NtbxMgCO6ZGPJFtlHc.', 20005, NULL, 'edisongunawan3@mail.com', 1, NULL, NULL),
(8, 'Chelsea',     '$2b$12$N2D4cncbxLazOpAUX1GZnOsbyr7uFCTc41NtbxMgCO6ZGPJFtlHc.', 20006, NULL, 'chelseaprayoga4@mail.com', 1, NULL, NULL),
(9, 'Wage',        '$2b$12$N2D4cncbxLazOpAUX1GZnOsbyr7uFCTc41NtbxMgCO6ZGPJFtlHc.', 20007, NULL, 'wageprasetyost5@mail.com', 1, NULL, NULL),
(10, 'lantar',     '$2b$12$N2D4cncbxLazOpAUX1GZnOsbyr7uFCTc41NtbxMgCO6ZGPJFtlHc.', 20008, NULL, 'lantarsaputramkom6@mail.com', 1, NULL, NULL),
(11, 'Usman',      '$2b$12$N2D4cncbxLazOpAUX1GZnOsbyr7uFCTc41NtbxMgCO6ZGPJFtlHc.', 20009, NULL, 'usmannuraini7@mail.com', 1, NULL, NULL),
(12, 'Jagapati8',  '$2b$12$N2D4cncbxLazOpAUX1GZnOsbyr7uFCTc41NtbxMgCO6ZGPJFtlHc.', 20010, NULL, 'jagapatiagustinamfarm8@mail.com', 1, NULL, NULL),
(13, 'cinta9',     '$2b$12$N2D4cncbxLazOpAUX1GZnOsbyr7uFCTc41NtbxMgCO6ZGPJFtlHc.', 20011, NULL, 'cintakuswandari9@mail.com', 1, NULL, NULL),
(14, 'kartika10',  '$2b$12$N2D4cncbxLazOpAUX1GZnOsbyr7uFCTc41NtbxMgCO6ZGPJFtlHc.', 20012, NULL, 'kartikariyanti10@mail.com', 1, NULL, NULL),
(15, 'raisa11',    '$2b$12$N2D4cncbxLazOpAUX1GZnOsbyr7uFCTc41NtbxMgCO6ZGPJFtlHc.', 20013, NULL, 'raisawidodo11@mail.com', 1, NULL, NULL),
(16, 'galuh12',    '$2b$12$N2D4cncbxLazOpAUX1GZnOsbyr7uFCTc41NtbxMgCO6ZGPJFtlHc.', 20014, NULL, 'galuhsitumorang12@mail.com', 1, NULL, NULL),
(17, 'martana13',  '$2b$12$N2D4cncbxLazOpAUX1GZnOsbyr7uFCTc41NtbxMgCO6ZGPJFtlHc.', 20015, NULL, 'martanasaragih13@mail.com', 1, NULL, NULL),
(18, 'rangga14',   '$2b$12$N2D4cncbxLazOpAUX1GZnOsbyr7uFCTc41NtbxMgCO6ZGPJFtlHc.', 20016, NULL, 'ranggawinarsih14@mail.com', 1, NULL, NULL),
(19, 'zizi',       '$2b$12$N2D4cncbxLazOpAUX1GZnOsbyr7uFCTc41NtbxMgCO6ZGPJFtlHc.', 20017, NULL, 'gzizimulyanimti15@mail.com', 1, NULL, NULL),
(20, 'laksana16',  '$2b$12$N2D4cncbxLazOpAUX1GZnOsbyr7uFCTc41NtbxMgCO6ZGPJFtlHc.', 20018, NULL, 'laksanapradana16@mail.com', 1, NULL, NULL),
(21, 'Latif',      '$2b$12$N2D4cncbxLazOpAUX1GZnOsbyr7uFCTc41NtbxMgCO6ZGPJFtlHc.', 20019, NULL, 'khlatifaniani17@mail.com', 1, NULL, NULL),
(22, 'kezia18',    '$2b$12$N2D4cncbxLazOpAUX1GZnOsbyr7uFCTc41NtbxMgCO6ZGPJFtlHc.', 20020, NULL, 'keziawibisono18@mail.com', 1, NULL, NULL),
(23, 'vanesa19',   '$2b$12$N2D4cncbxLazOpAUX1GZnOsbyr7uFCTc41NtbxMgCO6ZGPJFtlHc.', 20021, NULL, 'vanesakusumospsi19@mail.com', 1, NULL, NULL),
(24, 'harsaya20',  '$2b$12$N2D4cncbxLazOpAUX1GZnOsbyr7uFCTc41NtbxMgCO6ZGPJFtlHc.', 20022, NULL, 'harsayamarpaung20@mail.com', 1, NULL, NULL),
(25, 'prayoga21',  '$2b$12$N2D4cncbxLazOpAUX1GZnOsbyr7uFCTc41NtbxMgCO6ZGPJFtlHc.', 20023, NULL, 'prayogawinarnosfarm21@mail.com', 1, NULL, NULL),
(26, 'Safina',     '$2b$12$N2D4cncbxLazOpAUX1GZnOsbyr7uFCTc41NtbxMgCO6ZGPJFtlHc.', 20024, NULL, 'drssafinagunawan22@mail.com', 1, NULL, NULL),
(27, 'kartika23',  '$2b$12$N2D4cncbxLazOpAUX1GZnOsbyr7uFCTc41NtbxMgCO6ZGPJFtlHc.', 20025, NULL, 'kartikapuspasari23@mail.com', 1, NULL, NULL),
(28, 'garang24',   '$2b$12$N2D4cncbxLazOpAUX1GZnOsbyr7uFCTc41NtbxMgCO6ZGPJFtlHc.', 20026, NULL, 'garangwinarno24@mail.com', 1, NULL, NULL),
(29, 'tasnim25',   '$2b$12$N2D4cncbxLazOpAUX1GZnOsbyr7uFCTc41NtbxMgCO6ZGPJFtlHc.', 20027, NULL, 'tasnimiswahyudi25@mail.com', 1, NULL, NULL),
(30, 'mariadi26',  '$2b$12$N2D4cncbxLazOpAUX1GZnOsbyr7uFCTc41NtbxMgCO6ZGPJFtlHc.', 20028, NULL, 'mariadikusumo26@mail.com', 1, NULL, NULL),
(31, 'Puput',      '$2b$12$N2D4cncbxLazOpAUX1GZnOsbyr7uFCTc41NtbxMgCO6ZGPJFtlHc.', 20029, NULL, 'drspuputjailani27@mail.com', 1, NULL, NULL),
(32, 'cemani28',   '$2b$12$N2D4cncbxLazOpAUX1GZnOsbyr7uFCTc41NtbxMgCO6ZGPJFtlHc.', 20030, NULL, 'cemaninatsir28@mail.com', 1, NULL, NULL),
(33, 'maida29',    '$2b$12$N2D4cncbxLazOpAUX1GZnOsbyr7uFCTc41NtbxMgCO6ZGPJFtlHc.', 20031, NULL, 'maidanarpati29@mail.com', 1, NULL, NULL),
(34, 'vinsen30',   '$2b$12$N2D4cncbxLazOpAUX1GZnOsbyr7uFCTc41NtbxMgCO6ZGPJFtlHc.', 20032, NULL, 'vinsenwaluyo30@mail.com', 1, NULL, NULL),
(35, 'Jessica',    '$2b$12$N2D4cncbxLazOpAUX1GZnOsbyr7uFCTc41NtbxMgCO6ZGPJFtlHc.', 20033, NULL, 'cutjessicanarpatisip31@mail.com', 1, NULL, NULL),
(36, 'harto32',    '$2b$12$N2D4cncbxLazOpAUX1GZnOsbyr7uFCTc41NtbxMgCO6ZGPJFtlHc.', 20034, NULL, 'hartomangunsong32@mail.com', 1, NULL, NULL),
(37, 'yani33',     '$2b$12$N2D4cncbxLazOpAUX1GZnOsbyr7uFCTc41NtbxMgCO6ZGPJFtlHc.', 20035, NULL, 'yanihartati33@mail.com', 1, NULL, NULL),
(38, 'zizi34',     '$2b$12$N2D4cncbxLazOpAUX1GZnOsbyr7uFCTc41NtbxMgCO6ZGPJFtlHc.', 20036, NULL, 'zizisirait34@mail.com', 1, NULL, NULL),
(39, 'sutan35',    '$2b$12$N2D4cncbxLazOpAUX1GZnOsbyr7uFCTc41NtbxMgCO6ZGPJFtlHc.', 20037, NULL, 'sutanlukitadongoran35@mail.com', 1, NULL, NULL),
(40, 'harja36',    '$2b$12$N2D4cncbxLazOpAUX1GZnOsbyr7uFCTc41NtbxMgCO6ZGPJFtlHc.', 20038, NULL, 'harjasimanjuntak36@mail.com', 1, NULL, NULL),
(41, 'hartana37',  '$2b$12$N2D4cncbxLazOpAUX1GZnOsbyr7uFCTc41NtbxMgCO6ZGPJFtlHc.', 20039, NULL, 'hartanawahyuni37@mail.com', 1, NULL, NULL),
(42, 'cindy38',    '$2b$12$N2D4cncbxLazOpAUX1GZnOsbyr7uFCTc41NtbxMgCO6ZGPJFtlHc.', 20040, NULL, 'cindyanggriawan38@mail.com', 1, NULL, NULL),
(43, 'patricia39', '$2b$12$N2D4cncbxLazOpAUX1GZnOsbyr7uFCTc41NtbxMgCO6ZGPJFtlHc.', 20041, NULL, 'patriciaprayoga39@mail.com', 1, NULL, NULL),
(44, 'carla40',    '$2b$12$N2D4cncbxLazOpAUX1GZnOsbyr7uFCTc41NtbxMgCO6ZGPJFtlHc.', 20042, NULL, 'carlairawan40@mail.com', 1, NULL, NULL),
(45, 'gina41',     '$2b$12$N2D4cncbxLazOpAUX1GZnOsbyr7uFCTc41NtbxMgCO6ZGPJFtlHc.', 20043, NULL, 'ginahutapea41@mail.com', 1, NULL, NULL),
(46, 'ulva42',     '$2b$12$N2D4cncbxLazOpAUX1GZnOsbyr7uFCTc41NtbxMgCO6ZGPJFtlHc.', 20044, NULL, 'ulvawasita42@mail.com', 1, NULL, NULL),
(47, 'suci43',     '$2b$12$N2D4cncbxLazOpAUX1GZnOsbyr7uFCTc41NtbxMgCO6ZGPJFtlHc.', 20045, NULL, 'sucirajatamak43@mail.com', 1, NULL, NULL),
(48, 'tri44',      '$2b$12$N2D4cncbxLazOpAUX1GZnOsbyr7uFCTc41NtbxMgCO6ZGPJFtlHc.', 20046, NULL, 'trisiraitse44@mail.com', 1, NULL, NULL),
(49, 'Hari45',     '$2b$12$N2D4cncbxLazOpAUX1GZnOsbyr7uFCTc41NtbxMgCO6ZGPJFtlHc.', 20047, NULL, 'rharimandala45@mail.com', 1, NULL, NULL),
(50, 'puti46',     '$2b$12$N2D4cncbxLazOpAUX1GZnOsbyr7uFCTc41NtbxMgCO6ZGPJFtlHc.', 20048, NULL, 'putiwulankuswoyosei46@mail.com', 1, NULL, NULL),
(51, 'upik47',     '$2b$12$N2D4cncbxLazOpAUX1GZnOsbyr7uFCTc41NtbxMgCO6ZGPJFtlHc.', 20049, NULL, 'upiksihotang47@mail.com', 1, NULL, NULL),
(52, 'Ayu9',       '$2b$12$N2D4cncbxLazOpAUX1GZnOsbyr7uFCTc41NtbxMgCO6ZGPJFtlHc.', 20050, NULL, 'irayupurnawati48@mail.com', 0, NULL, NULL),
(53, 'Hurwiyati','$2b$12$jUdOw7DYoMGhEZ7.UwpNJu707GTJZJ9zaRuKiPidCdjvA6NDWD5ka', NULL, '198208202020042002', 'hurwiyati@example.com', 1, NULL, NULL),
(54, 'Titik',    '$2b$12$jUdOw7DYoMGhEZ7.UwpNJu707GTJZJ9zaRuKiPidCdjvA6NDWD5ka', NULL, '198502152020042003', 'titikeko@example.com', 1, NULL, NULL),
(55, 'Biyanto',  '$2b$12$jUdOw7DYoMGhEZ7.UwpNJu707GTJZJ9zaRuKiPidCdjvA6NDWD5ka', NULL, '198411102020041004', 'biyanto@example.com', 1, NULL, NULL),
(56, 'Ulinnuha', '$2b$12$jUdOw7DYoMGhEZ7.UwpNJu707GTJZJ9zaRuKiPidCdjvA6NDWD5ka', NULL, '198304072020042005', 'ulinnuha@example.com', 1, NULL, NULL),
(57, 'Purnadi',  '$2b$12$jUdOw7DYoMGhEZ7.UwpNJu707GTJZJ9zaRuKiPidCdjvA6NDWD5ka', NULL, '197901172020041006', 'purnadi@example.com', 1, NULL, NULL),
(58, 'Nur',      '$2b$12$jUdOw7DYoMGhEZ7.UwpNJu707GTJZJ9zaRuKiPidCdjvA6NDWD5ka', NULL, '198606052020041007', 'nurarifin@example.com', 1, NULL, NULL),
(59, 'Riski',    '$2b$12$jUdOw7DYoMGhEZ7.UwpNJu707GTJZJ9zaRuKiPidCdjvA6NDWD5ka', NULL, '199012302020042008', 'riskiarofiyah@example.com', 1, NULL, NULL),
(61, 'andiani',   '$2b$12$N2D4cncbxLazOpAUX1GZnOsbyr7uFCTc41NtbxMgCO6ZGPJFtlHc.', 20053, NULL, 'andiani@mail.com', 1, NULL, NULL),
(62, 'andibudi',  '$2b$12$N2D4cncbxLazOpAUX1GZnOsbyr7uFCTc41NtbxMgCO6ZGPJFtlHc.', 20054, NULL, 'andibudi@mail.com', 1, NULL, NULL),
(63, 'andiwulan', '$2b$12$N2D4cncbxLazOpAUX1GZnOsbyr7uFCTc41NtbxMgCO6ZGPJFtlHc.', 20055, NULL, 'andiwulan@mail.com', 1, NULL, NULL),
(64, 'anidewi',   '$2b$12$N2D4cncbxLazOpAUX1GZnOsbyr7uFCTc41NtbxMgCO6ZGPJFtlHc.', 20056, NULL, 'anidewi@mail.com', 1, NULL, NULL),
(65, 'arifbayu',  '$2b$12$N2D4cncbxLazOpAUX1GZnOsbyr7uFCTc41NtbxMgCO6ZGPJFtlHc.', 20057, NULL, 'arifbayu@mail.com', 1, NULL, NULL),
(66, 'arifwahyu', '$2b$12$N2D4cncbxLazOpAUX1GZnOsbyr7uFCTc41NtbxMgCO6ZGPJFtlHc.', 20058, NULL, 'arifwahyu@mail.com', 1, NULL, NULL),
(67, 'bayuandi',  '$2b$12$N2D4cncbxLazOpAUX1GZnOsbyr7uFCTc41NtbxMgCO6ZGPJFtlHc.', 20059, NULL, 'bayuandi@mail.com', 1, NULL, NULL),
(68, 'budiwulan', '$2b$12$N2D4cncbxLazOpAUX1GZnOsbyr7uFCTc41NtbxMgCO6ZGPJFtlHc.', 20060, NULL, 'budiwulan@mail.com', 1, NULL, NULL),
(71, 'fajartari', '$2b$12$N2D4cncbxLazOpAUX1GZnOsbyr7uFCTc41NtbxMgCO6ZGPJFtlHc.', 20061, NULL, 'fajartari@mail.com', 1, NULL, NULL),
(72, 'irfanlia',  '$2b$12$N2D4cncbxLazOpAUX1GZnOsbyr7uFCTc41NtbxMgCO6ZGPJFtlHc.', 20062, NULL, 'irfanlia@mail.com', 1, NULL, NULL),
(73, 'jokoani',   '$2b$12$N2D4cncbxLazOpAUX1GZnOsbyr7uFCTc41NtbxMgCO6ZGPJFtlHc.', 20063, NULL, 'jokoani@mail.com', 1, NULL, NULL),
(74, 'jokobudi',  '$2b$12$N2D4cncbxLazOpAUX1GZnOsbyr7uFCTc41NtbxMgCO6ZGPJFtlHc.', 20064, NULL, 'jokobudi@mail.com', 1, NULL, NULL),
(75, 'jokomega',  '$2b$12$N2D4cncbxLazOpAUX1GZnOsbyr7uFCTc41NtbxMgCO6ZGPJFtlHc.', 20065, NULL, 'jokomega@mail.com', 1, NULL, NULL),
(76, 'jokonina',  '$2b$12$N2D4cncbxLazOpAUX1GZnOsbyr7uFCTc41NtbxMgCO6ZGPJFtlHc.', 20066, NULL, 'jokonina@mail.com', 1, NULL, NULL),
(77, 'jokotari',  '$2b$12$N2D4cncbxLazOpAUX1GZnOsbyr7uFCTc41NtbxMgCO6ZGPJFtlHc.', 20067, NULL, 'jokotari@mail.com', 1, NULL, NULL),
(78, 'megamega',  '$2b$12$N2D4cncbxLazOpAUX1GZnOsbyr7uFCTc41NtbxMgCO6ZGPJFtlHc.', 20068, NULL, 'megamega@mail.com', 1, NULL, NULL),
(79, 'ninaandi',  '$2b$12$N2D4cncbxLazOpAUX1GZnOsbyr7uFCTc41NtbxMgCO6ZGPJFtlHc.', 20069, NULL, 'ninaandi@mail.com', 1, NULL, NULL),
(80, 'ninaarif',  '$2b$12$N2D4cncbxLazOpAUX1GZnOsbyr7uFCTc41NtbxMgCO6ZGPJFtlHc.', 20070, NULL, 'ninaarif@mail.com', 1, NULL, NULL),
(81, 'ninanina',  '$2b$12$N2D4cncbxLazOpAUX1GZnOsbyr7uFCTc41NtbxMgCO6ZGPJFtlHc.', 20071, NULL, 'ninanina@mail.com', 1, NULL, NULL),
(82, 'ninarama',  '$2b$12$N2D4cncbxLazOpAUX1GZnOsbyr7uFCTc41NtbxMgCO6ZGPJFtlHc.', 20072, NULL, 'ninarama@mail.com', 1, NULL, NULL),
(83, 'ramairfan', '$2b$12$N2D4cncbxLazOpAUX1GZnOsbyr7uFCTc41NtbxMgCO6ZGPJFtlHc.', 20073, NULL, 'ramairfan@mail.com', 1, NULL, NULL),
(84, 'ramajoko',  '$2b$12$N2D4cncbxLazOpAUX1GZnOsbyr7uFCTc41NtbxMgCO6ZGPJFtlHc.', 20074, NULL, 'ramajoko@mail.com', 1, NULL, NULL),
(85, 'sitidewi',  '$2b$12$N2D4cncbxLazOpAUX1GZnOsbyr7uFCTc41NtbxMgCO6ZGPJFtlHc.', 20075, NULL, 'sitidewi@mail.com', 1, NULL, NULL),
(86, 'sitimega',  '$2b$12$N2D4cncbxLazOpAUX1GZnOsbyr7uFCTc41NtbxMgCO6ZGPJFtlHc.', 20076, NULL, 'sitimega@mail.com', 1, NULL, NULL),
(87, 'tarinina',  '$2b$12$N2D4cncbxLazOpAUX1GZnOsbyr7uFCTc41NtbxMgCO6ZGPJFtlHc.', 20077, NULL, 'tarinina@mail.com', 1, NULL, NULL),
(88, 'tariwulan', '$2b$12$N2D4cncbxLazOpAUX1GZnOsbyr7uFCTc41NtbxMgCO6ZGPJFtlHc.', 20078, NULL, 'tariwulan@mail.com', 1, NULL, NULL),
(89, 'wahyudewi', '$2b$12$N2D4cncbxLazOpAUX1GZnOsbyr7uFCTc41NtbxMgCO6ZGPJFtlHc.', 20079, NULL, 'wahyudewi@mail.com', 1, NULL, NULL),
(90, 'wulandina', '$2b$12$N2D4cncbxLazOpAUX1GZnOsbyr7uFCTc41NtbxMgCO6ZGPJFtlHc.', 20080, NULL, 'wulandina@mail.com', 1, NULL, NULL),
(91, 'dinaandi',  '$2b$12$N2D4cncbxLazOpAUX1GZnOsbyr7uFCTc41NtbxMgCO6ZGPJFtlHc.', 20051, NULL, 'dinaandi@mail.com', 1, NULL, NULL),
(92, 'dinairfan', '$2b$12$N2D4cncbxLazOpAUX1GZnOsbyr7uFCTc41NtbxMgCO6ZGPJFtlHc.', 20052, NULL, 'dinairfan@mail.com', 1, NULL, NULL);

--
-- Dumping data untuk tabel `user_roles`
--

INSERT INTO `user_roles` (`id`, `user_id`, `role_id`) VALUES
(1, 1, 1),
(2, 2, 2),
(3, 3, 3),
(4, 4, 3),
(5, 5, 3),
(6, 6, 3),
(7, 7, 3),
(8, 8, 3),
(9, 9, 3),
(10, 10, 3),
(11, 11, 3),
(12, 12, 3),
(13, 13, 3),
(14, 14, 3),
(15, 15, 3),
(16, 16, 3),
(17, 17, 3),
(18, 18, 3),
(19, 19, 3),
(20, 20, 3),
(21, 21, 3),
(22, 22, 3),
(23, 23, 3),
(24, 24, 3),
(25, 25, 3),
(26, 26, 3),
(27, 27, 3),
(28, 28, 3),
(29, 29, 3),
(30, 30, 3),
(31, 31, 3),
(32, 32, 3),
(33, 33, 3),
(34, 34, 3),
(35, 35, 3),
(36, 36, 3),
(37, 37, 3),
(38, 38, 3),
(39, 39, 3),
(40, 40, 3),
(41, 41, 3),
(42, 42, 3),
(43, 43, 3),
(44, 44, 3),
(45, 45, 3),
(46, 46, 3),
(47, 47, 3),
(48, 48, 3),
(49, 49, 3),
(50, 50, 3),
(51, 51, 3),
(52, 52, 3),
(53, 53, 3),
(54, 54, 3),
(55, 55, 3),
(56, 56, 3),
(57, 57, 3),
(58, 58, 3),
(59, 59, 3),
(61, 61, 3),
(62, 62, 3),
(63, 63, 3),
(64, 64, 3),
(65, 65, 3),
(66, 66, 3),
(67, 67, 3),
(68, 68, 3),
(71, 71, 3),
(72, 72, 3),
(73, 73, 3),
(74, 74, 3),
(75, 75, 3),
(76, 76, 3),
(77, 77, 3),
(78, 78, 3),
(79, 79, 3),
(80, 80, 3),
(81, 81, 3),
(82, 82, 3),
(83, 83, 3),
(84, 84, 3),
(85, 85, 3),
(86, 86, 3),
(87, 87, 3),
(88, 88, 3),
(89, 89, 3),
(90, 90, 3),
(91, 91, 3),
(92, 92, 3);

COMMIT;

/*!40101 SET CHARACTER_SET_CLIENT=@OLD_CHARACTER_SET_CLIENT */;
/*!40101 SET CHARACTER_SET_RESULTS=@OLD_CHARACTER_SET_RESULTS */;
/*!40101 SET COLLATION_CONNECTION=@OLD_COLLATION_CONNECTION */;
